-1.140771355220789179e-01,-0.000000000000000000e+00
-1.140861354998521232e-01,-0.000000000000000000e+00
-1.140836330346170768e-01,-0.000000000000000000e+00
-1.140773090906247594e-01,-0.000000000000000000e+00
-1.140834335638189756e-01,-0.000000000000000000e+00
-1.140836237466863468e-01,-0.000000000000000000e+00
-1.140898996086710387e-01,-0.000000000000000000e+00
-1.140834753341208596e-01,-0.000000000000000000e+00
-1.140834817704624859e-01,-0.000000000000000000e+00
-1.140834142731973477e-01,-0.000000000000000000e+00
-1.140925642484815206e-01,-0.000000000000000000e+00
-1.140898569764053627e-01,-0.000000000000000000e+00
-1.140925954587693192e-01,-0.000000000000000000e+00
-1.140835077215133359e-01,-0.000000000000000000e+00
-1.486736321654924531e-02,-0.000000000000000000e+00
-7.509883521531285355e-03,-0.000000000000000000e+00
1.071378825777446891e-01,-0.000000000000000000e+00
3.927494853522577045e-02,-0.000000000000000000e+00
1.055956064883772638e-01,-0.000000000000000000e+00
1.413650732249395747e-01,-0.000000000000000000e+00
3.249897284265058639e-01,-0.000000000000000000e+00
3.209029095158877354e-01,-0.000000000000000000e+00
4.676472661987687296e-01,-0.000000000000000000e+00
6.605758815130698958e-01,-0.000000000000000000e+00
8.754263416972938305e-01,-0.000000000000000000e+00
1.011162152758953603e+00,-0.000000000000000000e+00
1.018587278312356625e+00,-0.000000000000000000e+00
1.168463912555373074e+00,-0.000000000000000000e+00
1.054135342492332761e+00,-0.000000000000000000e+00
1.303818212214200356e+00,-0.000000000000000000e+00
1.084351617302797166e+00,-0.000000000000000000e+00
1.219896378594133468e+00,-0.000000000000000000e+00
1.389837935246994727e+00,-0.000000000000000000e+00
1.660961169224739908e+00,-2.000000000000000000e+00
1.458533714067351328e+00,-0.000000000000000000e+00
1.476015545001101881e+00,-0.000000000000000000e+00
1.639754572419019896e+00,-2.000000000000000000e+00
1.660214166181877005e+00,-2.000000000000000000e+00
1.732262825633152481e+00,-2.000000000000000000e+00
1.773370118038455123e+00,-2.000000000000000000e+00
1.691418193726511809e+00,-2.000000000000000000e+00
1.808491473845977859e+00,-2.000000000000000000e+00
1.703607980884130457e+00,-2.000000000000000000e+00
1.922644093201322013e+00,-2.000000000000000000e+00
1.712891936679695082e+00,-2.000000000000000000e+00
1.716460594184023858e+00,-2.000000000000000000e+00
1.784618514223934804e+00,-2.000000000000000000e+00
1.736114296750467689e+00,-2.000000000000000000e+00
1.743915910193633900e+00,-2.000000000000000000e+00
1.862764169652514123e+00,-2.000000000000000000e+00
1.754968624755583795e+00,-2.000000000000000000e+00
1.763583688322980292e+00,-2.000000000000000000e+00
1.763550208444791378e+00,-2.000000000000000000e+00
1.763529336653545831e+00,-2.000000000000000000e+00
1.786696236494288437e+00,-2.000000000000000000e+00
1.850081669111200977e+00,-2.000000000000000000e+00
1.800342352269304058e+00,-2.000000000000000000e+00
1.807170173824572457e+00,-2.000000000000000000e+00
1.818281911027763265e+00,-2.000000000000000000e+00
1.837049420380997056e+00,-2.000000000000000000e+00
1.865892498285265155e+00,-2.000000000000000000e+00
1.861792500956535035e+00,-2.000000000000000000e+00
1.867616812062657505e+00,-2.000000000000000000e+00
1.874014538355037063e+00,-2.000000000000000000e+00
1.876471273135928541e+00,-2.000000000000000000e+00
1.999328567598408712e+00,-2.000000000000000000e+00
1.901709251211742613e+00,-2.000000000000000000e+00
1.910814976001801391e+00,-2.000000000000000000e+00
1.918462302153167709e+00,-2.000000000000000000e+00
1.929475856920825905e+00,-2.000000000000000000e+00
1.938311707691085628e+00,-2.000000000000000000e+00
1.951657703635554686e+00,-2.000000000000000000e+00
1.993024264905565390e+00,-2.000000000000000000e+00
1.979928302807791418e+00,-2.000000000000000000e+00
2.011100792446593122e+00,-2.000000000000000000e+00
2.013508841958778106e+00,-2.000000000000000000e+00
2.017875924485630357e+00,-2.000000000000000000e+00
2.020309563641156103e+00,-2.000000000000000000e+00
2.020309613677063076e+00,-2.000000000000000000e+00
2.006297102422327061e+00,-2.000000000000000000e+00
1.834994278999765749e+00,-2.000000000000000000e+00
1.714818327634803241e+00,-2.000000000000000000e+00
1.500529938527887186e+00,-2.000000000000000000e+00
1.478316397038759167e+00,-0.000000000000000000e+00
1.519838301321939200e+00,-2.000000000000000000e+00
1.321491165081695174e+00,-0.000000000000000000e+00
1.127166669285974310e+00,-0.000000000000000000e+00
1.137301189334211982e+00,-0.000000000000000000e+00
1.012624500633165336e+00,-0.000000000000000000e+00
9.455918210321370143e-01,-0.000000000000000000e+00
9.797291356502663140e-01,-0.000000000000000000e+00
9.100816067246759733e-01,-0.000000000000000000e+00
1.015863509600318348e+00,-0.000000000000000000e+00
8.453844027610584178e-01,-0.000000000000000000e+00
9.585560902152525653e-01,-0.000000000000000000e+00
9.667962786325672297e-01,-0.000000000000000000e+00
9.668101748287041275e-01,-0.000000000000000000e+00
9.667985806509784563e-01,-0.000000000000000000e+00
9.668158617197348814e-01,-0.000000000000000000e+00
9.667985829528021879e-01,-0.000000000000000000e+00
1.019926165296775267e+00,-0.000000000000000000e+00
9.793976900749249426e-01,-0.000000000000000000e+00
9.872165401938750584e-01,-0.000000000000000000e+00
9.872165182520294957e-01,-0.000000000000000000e+00
9.570634820016629130e-01,-0.000000000000000000e+00
9.860785418567421523e-01,-0.000000000000000000e+00
9.860729126756897500e-01,-0.000000000000000000e+00
9.826575440260226779e-01,-0.000000000000000000e+00
9.802841277008200738e-01,-0.000000000000000000e+00
9.751715717693113517e-01,-0.000000000000000000e+00
1.084180495238158626e+00,-0.000000000000000000e+00
9.846511476561918830e-01,-0.000000000000000000e+00
9.926456912197848537e-01,-0.000000000000000000e+00
9.926515050507472848e-01,-0.000000000000000000e+00
9.914854935088589505e-01,-0.000000000000000000e+00
9.874109111165267905e-01,-0.000000000000000000e+00
9.874221378373938540e-01,-0.000000000000000000e+00
9.874221510510566846e-01,-0.000000000000000000e+00
1.001616058945645760e+00,-0.000000000000000000e+00
1.136585865115096183e+00,-0.000000000000000000e+00
1.325027783078715160e+00,-0.000000000000000000e+00
1.307111258809591670e+00,-0.000000000000000000e+00
1.282780525097033664e+00,-0.000000000000000000e+00
1.305056571766790574e+00,-0.000000000000000000e+00
1.661522724199775425e+00,-2.000000000000000000e+00
1.381652417901889862e+00,-0.000000000000000000e+00
1.415273997485221091e+00,-0.000000000000000000e+00
1.499371258743026125e+00,-0.000000000000000000e+00
1.535927843480230148e+00,-2.000000000000000000e+00
1.722068534815278662e+00,-2.000000000000000000e+00
1.542105012133272668e+00,-2.000000000000000000e+00
1.551731627397174407e+00,-2.000000000000000000e+00
1.580508824195420159e+00,-2.000000000000000000e+00
1.588336962271243991e+00,-2.000000000000000000e+00
1.571838731554069835e+00,-2.000000000000000000e+00
1.509630318695229789e+00,-2.000000000000000000e+00
1.031078719006059075e+00,-0.000000000000000000e+00
1.071785842807530642e+00,-0.000000000000000000e+00
1.135790279467040920e+00,-0.000000000000000000e+00
9.552468409608354527e-01,-0.000000000000000000e+00
8.205444224906992545e-01,-0.000000000000000000e+00
6.918828190965673475e-01,-0.000000000000000000e+00
6.266608299241045454e-01,-0.000000000000000000e+00
3.548377841736737870e-01,-0.000000000000000000e+00
4.554234352807290387e-01,-0.000000000000000000e+00
3.526360420601731271e-01,-0.000000000000000000e+00
1.854640638719808887e-01,-0.000000000000000000e+00
-4.114127586739002584e-02,-0.000000000000000000e+00
-8.565637197691780558e-02,-0.000000000000000000e+00
-3.764779937443504809e-02,-0.000000000000000000e+00
-1.049772974641479673e-01,-0.000000000000000000e+00
-3.868539716954366714e-01,-0.000000000000000000e+00
-2.377916489136031042e-01,-0.000000000000000000e+00
-2.915737877024917601e-01,-0.000000000000000000e+00
-3.249786451425787925e-01,-0.000000000000000000e+00
-5.178559213529375649e-01,-0.000000000000000000e+00
-4.242187100509454689e-01,-0.000000000000000000e+00
-4.198009719147995367e-01,-0.000000000000000000e+00
-5.675640527961656190e-01,-0.000000000000000000e+00
-4.292662831631962606e-01,-0.000000000000000000e+00
-4.889260560308665848e-01,-0.000000000000000000e+00
-5.705503169118673057e-01,-0.000000000000000000e+00
-6.909972198200067250e-01,-0.000000000000000000e+00
-8.664291138700483952e-01,-0.000000000000000000e+00
-7.296129863963829454e-01,-0.000000000000000000e+00
-8.607268126557011678e-01,-0.000000000000000000e+00
-7.332706825098856962e-01,-0.000000000000000000e+00
-7.597978737368586977e-01,-0.000000000000000000e+00
-8.860031322628649786e-01,-0.000000000000000000e+00
-8.926012195531659588e-01,-0.000000000000000000e+00
-8.931212902218282901e-01,-0.000000000000000000e+00
-8.930822995607266002e-01,-0.000000000000000000e+00
-8.930824045203453743e-01,-0.000000000000000000e+00
-8.930688277068690173e-01,-0.000000000000000000e+00
-8.697709102734421105e-01,-0.000000000000000000e+00
-6.900470168656593906e-01,-0.000000000000000000e+00
-6.295279816819612240e-01,-0.000000000000000000e+00
-6.834398540277956124e-01,-0.000000000000000000e+00
-4.482085793533398532e-01,-0.000000000000000000e+00
-3.797745936592945570e-01,-0.000000000000000000e+00
-3.254698046790430732e-01,-0.000000000000000000e+00
-4.006956339373477505e-01,-0.000000000000000000e+00
-3.428478861733205152e-01,-0.000000000000000000e+00
-3.154561750595183955e-01,-0.000000000000000000e+00
-3.806024035722718191e-01,-0.000000000000000000e+00
-3.806111977282617964e-01,-0.000000000000000000e+00
-3.805966098802010533e-01,-0.000000000000000000e+00
-3.806110540767898009e-01,-0.000000000000000000e+00
-3.806023487653847903e-01,-0.000000000000000000e+00
-3.805978003120230047e-01,-0.000000000000000000e+00
-3.817610716478585520e-01,-0.000000000000000000e+00
-3.880308855531344747e-01,-0.000000000000000000e+00
-4.000399534035447013e-01,-0.000000000000000000e+00
-4.344762598621779714e-01,-0.000000000000000000e+00
-6.609317101854547127e-01,-0.000000000000000000e+00
-5.893009582154954407e-01,-0.000000000000000000e+00
-7.616257963791865926e-01,-0.000000000000000000e+00
-9.989896711304860899e-01,-0.000000000000000000e+00
-1.197426956920548680e+00,-0.000000000000000000e+00
-1.072637242658598167e+00,-0.000000000000000000e+00
-1.187154148734979264e+00,-0.000000000000000000e+00
-1.373597356349808507e+00,-0.000000000000000000e+00
-1.368606929412376161e+00,-0.000000000000000000e+00
-1.283745932589907435e+00,-0.000000000000000000e+00
-1.413395222844195498e+00,-0.000000000000000000e+00
-1.507865010974724695e+00,2.000000000000000000e+00
-1.571007572749334669e+00,2.000000000000000000e+00
-1.557060740200323368e+00,2.000000000000000000e+00
-1.664552388840897734e+00,2.000000000000000000e+00
-1.740946043688245348e+00,2.000000000000000000e+00
-1.638033944537224063e+00,2.000000000000000000e+00
-1.870203055930745872e+00,2.000000000000000000e+00
-1.850936704932831800e+00,2.000000000000000000e+00
-1.767980419491802513e+00,2.000000000000000000e+00
-1.775728711088813805e+00,2.000000000000000000e+00
-1.918411043998576648e+00,2.000000000000000000e+00
-1.997055109848455023e+00,2.000000000000000000e+00
-1.795203117703817908e+00,2.000000000000000000e+00
-1.795410960091307295e+00,2.000000000000000000e+00
-2.105961326615586771e+00,2.000000000000000000e+00
-1.879457286247955050e+00,2.000000000000000000e+00
-1.802124637652921635e+00,2.000000000000000000e+00
-1.525464664416052329e+00,2.000000000000000000e+00
-1.272137196648607471e+00,-0.000000000000000000e+00
-7.143521834491842748e-01,-0.000000000000000000e+00
-1.002778861318348369e+00,-0.000000000000000000e+00
-1.101106071666675401e+00,-0.000000000000000000e+00
-1.074744467691328698e+00,-0.000000000000000000e+00
-9.089561608082945554e-01,-0.000000000000000000e+00
-8.257883073016438757e-01,-0.000000000000000000e+00
-8.672041281976289318e-01,-0.000000000000000000e+00
-8.309781666308223569e-01,-0.000000000000000000e+00
-8.115183126606020370e-01,-0.000000000000000000e+00
-7.707307710667510303e-01,-0.000000000000000000e+00
-6.732291890196638873e-01,-0.000000000000000000e+00
-6.628731529466965755e-01,-0.000000000000000000e+00
-7.182374315372898055e-01,-0.000000000000000000e+00
-7.078330109675834425e-01,-0.000000000000000000e+00
-7.050790279567987762e-01,-0.000000000000000000e+00
-7.013859163412178299e-01,-0.000000000000000000e+00
-6.949365306888153349e-01,-0.000000000000000000e+00
-6.949498801958056138e-01,-0.000000000000000000e+00
-6.949365389543981086e-01,-0.000000000000000000e+00
-6.949500163311930212e-01,-0.000000000000000000e+00
-6.949498073284685606e-01,-0.000000000000000000e+00
-6.949364660277796979e-01,-0.000000000000000000e+00
-6.949307053744405716e-01,-0.000000000000000000e+00
-6.841336430723135020e-01,-0.000000000000000000e+00
-6.865057865267659709e-01,-0.000000000000000000e+00
-6.801037262019956620e-01,-0.000000000000000000e+00
-6.801064045173593753e-01,-0.000000000000000000e+00
-6.801064079690625208e-01,-0.000000000000000000e+00
-6.801064843659487824e-01,-0.000000000000000000e+00
-7.316661607167100900e-01,-0.000000000000000000e+00
-7.616616253155413796e-01,-0.000000000000000000e+00
-7.532424978775718039e-01,-0.000000000000000000e+00
-9.172224508084492189e-01,-0.000000000000000000e+00
-1.031003634305085903e+00,-0.000000000000000000e+00
-1.079712858616576288e+00,-0.000000000000000000e+00
-1.159225635792091813e+00,-0.000000000000000000e+00
-1.023325960546682900e+00,-0.000000000000000000e+00
-1.223086124632262628e+00,-0.000000000000000000e+00
-1.099125779515307988e+00,-0.000000000000000000e+00
-1.137236734540569838e+00,-0.000000000000000000e+00
-1.138786013495340699e+00,-0.000000000000000000e+00
-9.408291075578566476e-01,-0.000000000000000000e+00
-1.063396061255452718e+00,-0.000000000000000000e+00
-8.703052540906173196e-01,-0.000000000000000000e+00
-9.068203173647615412e-01,-0.000000000000000000e+00
-8.258159438045804546e-01,-0.000000000000000000e+00
-7.309028396004161321e-01,-0.000000000000000000e+00
-7.566616850660560223e-01,-0.000000000000000000e+00
-7.061546157916405164e-01,-0.000000000000000000e+00
-7.472034333119108584e-01,-0.000000000000000000e+00
-7.309357120683774856e-01,-0.000000000000000000e+00
-7.057316918918813409e-01,-0.000000000000000000e+00
-7.177613168854517500e-01,-0.000000000000000000e+00
-8.612319014180738197e-01,-0.000000000000000000e+00
-9.385946988746938224e-01,-0.000000000000000000e+00
-1.060021886260264168e+00,-0.000000000000000000e+00
-1.307880465188563379e+00,-0.000000000000000000e+00
-1.367265851533572718e+00,-0.000000000000000000e+00
-1.521632254710901577e+00,2.000000000000000000e+00
-1.338125482983848036e+00,-0.000000000000000000e+00
-1.301923872523988557e+00,-0.000000000000000000e+00
-1.296031110721899582e+00,-0.000000000000000000e+00
-1.389777939073212343e+00,-0.000000000000000000e+00
-1.559412775584683164e+00,2.000000000000000000e+00
-1.636333558046104253e+00,2.000000000000000000e+00
-1.770837690218290517e+00,2.000000000000000000e+00
-1.622906625132176428e+00,2.000000000000000000e+00
-1.462923952127429983e+00,-0.000000000000000000e+00
-1.131392124671438015e+00,-0.000000000000000000e+00
-1.119925830156063506e+00,-0.000000000000000000e+00
-1.025209768322865589e+00,-0.000000000000000000e+00
-1.169214486898204175e+00,-0.000000000000000000e+00
-1.070835991638606322e+00,-0.000000000000000000e+00
-8.524429809626699051e-01,-0.000000000000000000e+00
-8.629148656743279577e-01,-0.000000000000000000e+00
-9.294330185909907005e-01,-0.000000000000000000e+00
-7.992143751601883395e-01,-0.000000000000000000e+00
-6.745303485514617670e-01,-0.000000000000000000e+00
-6.502095825842226784e-01,-0.000000000000000000e+00
-6.352804181822693241e-01,-0.000000000000000000e+00
-4.741813273545235630e-01,-0.000000000000000000e+00
-5.878074834697839535e-01,-0.000000000000000000e+00
-3.179387953497958552e-01,-0.000000000000000000e+00
-4.670218067021477681e-01,-0.000000000000000000e+00
-4.692625328838063159e-01,-0.000000000000000000e+00
-4.552654018201421349e-01,-0.000000000000000000e+00
-4.516637531155078822e-01,-0.000000000000000000e+00
-8.660292282216158766e-02,-0.000000000000000000e+00
-1.791457567741336354e-01,-0.000000000000000000e+00
1.977828747473115434e-01,-0.000000000000000000e+00
4.197252539131992588e-01,-0.000000000000000000e+00
5.345901813197276864e-01,-0.000000000000000000e+00
7.836728856011285771e-01,-0.000000000000000000e+00
7.027178388529058406e-01,-0.000000000000000000e+00
8.960038910970840043e-01,-0.000000000000000000e+00
8.586722052146241735e-01,-0.000000000000000000e+00
1.071503755906890287e+00,-0.000000000000000000e+00
1.108061160086961427e+00,-0.000000000000000000e+00
1.212840581866182710e+00,-0.000000000000000000e+00
1.093987763840596594e+00,-0.000000000000000000e+00
1.059767440514534087e+00,-0.000000000000000000e+00
1.053241556725780903e+00,-0.000000000000000000e+00
1.171832463176694539e+00,-0.000000000000000000e+00
1.096465070885540793e+00,-0.000000000000000000e+00
1.466654454192216628e+00,-0.000000000000000000e+00
1.305932659691144249e+00,-0.000000000000000000e+00
1.290650767628877871e+00,-0.000000000000000000e+00
1.325962077001929140e+00,-0.000000000000000000e+00
1.352636862697472520e+00,-0.000000000000000000e+00
1.547282259478792277e+00,-2.000000000000000000e+00
1.511384829910927596e+00,-2.000000000000000000e+00
1.548604134330276771e+00,-2.000000000000000000e+00
1.521505865247769762e+00,-2.000000000000000000e+00
1.237777048767410015e+00,-0.000000000000000000e+00
7.917262639016969805e-01,-0.000000000000000000e+00
9.186612415730988079e-01,-0.000000000000000000e+00
4.964297117817543237e-01,-0.000000000000000000e+00
4.478185838976139199e-01,-0.000000000000000000e+00
4.288711986658116926e-01,-0.000000000000000000e+00
5.639196329416004128e-01,-0.000000000000000000e+00
5.685197642278861929e-01,-0.000000000000000000e+00
4.439053990987459897e-01,-0.000000000000000000e+00
4.444650709812706380e-01,-0.000000000000000000e+00
5.212268498993016808e-01,-0.000000000000000000e+00
5.205071083774929219e-01,-0.000000000000000000e+00
5.053953283271453989e-01,-0.000000000000000000e+00
4.929772819318770094e-01,-0.000000000000000000e+00
5.017146161638269541e-01,-0.000000000000000000e+00
4.983173185755462864e-01,-0.000000000000000000e+00
4.983362186675149297e-01,-0.000000000000000000e+00
4.983387461024281762e-01,-0.000000000000000000e+00
4.946339644502762423e-01,-0.000000000000000000e+00
4.917233685885017969e-01,-0.000000000000000000e+00
4.917417912504670752e-01,-0.000000000000000000e+00
4.917288665713760443e-01,-0.000000000000000000e+00
4.917477369938347276e-01,-0.000000000000000000e+00
4.866613506256070587e-01,-0.000000000000000000e+00
4.866641937495323478e-01,-0.000000000000000000e+00
4.826977370728295358e-01,-0.000000000000000000e+00
4.800658784985230576e-01,-0.000000000000000000e+00
4.800744524891326637e-01,-0.000000000000000000e+00
4.800872785020278144e-01,-0.000000000000000000e+00
4.800647187129473692e-01,-0.000000000000000000e+00
4.800719278838527782e-01,-0.000000000000000000e+00
4.761196797744305931e-01,-0.000000000000000000e+00
4.761196582088324525e-01,-0.000000000000000000e+00
4.761259136506041378e-01,-0.000000000000000000e+00
4.734948232821884484e-01,-0.000000000000000000e+00
4.734910950969575261e-01,-0.000000000000000000e+00
4.734889004011474944e-01,-0.000000000000000000e+00
4.734971181163304399e-01,-0.000000000000000000e+00
4.734945971932311148e-01,-0.000000000000000000e+00
4.734945789192686605e-01,-0.000000000000000000e+00
4.734971472302730300e-01,-0.000000000000000000e+00
4.734971628607215210e-01,-0.000000000000000000e+00
4.734885246654579882e-01,-0.000000000000000000e+00
4.734972008666469279e-01,-0.000000000000000000e+00
4.734911893586756793e-01,-0.000000000000000000e+00
4.734970949910328741e-01,-0.000000000000000000e+00
4.734946988713284455e-01,-0.000000000000000000e+00
4.734886503956786674e-01,-0.000000000000000000e+00
4.734887088500568386e-01,-0.000000000000000000e+00
4.735869059709658657e-01,-0.000000000000000000e+00
4.734946395585757362e-01,-0.000000000000000000e+00
4.734945738571284535e-01,-0.000000000000000000e+00
4.734946352109761225e-01,-0.000000000000000000e+00
4.734885455609556537e-01,-0.000000000000000000e+00
4.734946860469134156e-01,-0.000000000000000000e+00
4.734884456083168214e-01,-0.000000000000000000e+00
4.734971617639549546e-01,-0.000000000000000000e+00
4.734946727618821738e-01,-0.000000000000000000e+00
4.734946727618821738e-01,-0.000000000000000000e+00
4.734885200900944557e-01,-0.000000000000000000e+00
4.734946641366231668e-01,-0.000000000000000000e+00
4.734946979014116319e-01,-0.000000000000000000e+00
4.734946238281657060e-01,-0.000000000000000000e+00
4.734883927973044804e-01,-0.000000000000000000e+00
4.734945890232110099e-01,-0.000000000000000000e+00
4.734911557381100700e-01,-0.000000000000000000e+00
4.734945555547581675e-01,-0.000000000000000000e+00
4.734884872698509883e-01,-0.000000000000000000e+00
4.734945464952076688e-01,-0.000000000000000000e+00
4.734981991204492147e-01,-0.000000000000000000e+00
4.734885160951752270e-01,-0.000000000000000000e+00
4.734946456077538390e-01,-0.000000000000000000e+00
4.695447708303153722e-01,-0.000000000000000000e+00
4.695318472109737962e-01,-0.000000000000000000e+00
4.695507819661150495e-01,-0.000000000000000000e+00
4.695508018941250694e-01,-0.000000000000000000e+00
4.695510598475940989e-01,-0.000000000000000000e+00
4.695506957821314331e-01,-0.000000000000000000e+00
4.695319346089950052e-01,-0.000000000000000000e+00
4.695508938917812292e-01,-0.000000000000000000e+00
4.695319156894464108e-01,-0.000000000000000000e+00
4.695320387408872254e-01,-0.000000000000000000e+00
4.695321205239695317e-01,-0.000000000000000000e+00
4.695507633386946655e-01,-0.000000000000000000e+00
4.695319930437598654e-01,-0.000000000000000000e+00
4.695506205764373164e-01,-0.000000000000000000e+00
4.695323130215294238e-01,-0.000000000000000000e+00
4.695508562109821926e-01,-0.000000000000000000e+00
4.695322981829163633e-01,-0.000000000000000000e+00
4.695510268665019082e-01,-0.000000000000000000e+00
4.695447369848742003e-01,-0.000000000000000000e+00
4.695446920207314023e-01,-0.000000000000000000e+00
4.695508625663071811e-01,-0.000000000000000000e+00
4.695507350286355908e-01,-0.000000000000000000e+00
4.695448072590246991e-01,-0.000000000000000000e+00
4.695508726681402734e-01,-0.000000000000000000e+00
4.695508955780859361e-01,-0.000000000000000000e+00
4.695446877535573993e-01,-0.000000000000000000e+00
4.695533184177106412e-01,-0.000000000000000000e+00
4.695507492762394652e-01,-0.000000000000000000e+00
4.695508605131040736e-01,-0.000000000000000000e+00
4.695320548555326767e-01,-0.000000000000000000e+00
4.695509802519656772e-01,-0.000000000000000000e+00
4.695321754452618790e-01,-0.000000000000000000e+00
4.695507983829168008e-01,-0.000000000000000000e+00
4.695319943629793213e-01,-0.000000000000000000e+00
4.695534204185627392e-01,-0.000000000000000000e+00
4.695344919563020913e-01,-0.000000000000000000e+00
4.695343873760965958e-01,-0.000000000000000000e+00
4.695508084515457869e-01,-0.000000000000000000e+00
4.695508484428305707e-01,-0.000000000000000000e+00
4.695508501536549972e-01,-0.000000000000000000e+00
4.695509623653610909e-01,-0.000000000000000000e+00
4.695531316667066468e-01,-0.000000000000000000e+00
4.695506762459898398e-01,-0.000000000000000000e+00
4.695534070726093967e-01,-0.000000000000000000e+00
4.695507224519847589e-01,-0.000000000000000000e+00
4.695507745527320309e-01,-0.000000000000000000e+00
4.695472696236897558e-01,-0.000000000000000000e+00
4.695507006854429677e-01,-0.000000000000000000e+00
4.695508405974389010e-01,-0.000000000000000000e+00
4.695447772499608541e-01,-0.000000000000000000e+00
4.695469081048485593e-01,-0.000000000000000000e+00
4.695472976013163602e-01,-0.000000000000000000e+00
4.695507079198838474e-01,-0.000000000000000000e+00
4.695507411291228173e-01,-0.000000000000000000e+00
4.695447598188983163e-01,-0.000000000000000000e+00
4.695258862397092003e-01,-0.000000000000000000e+00
4.695507923792293647e-01,-0.000000000000000000e+00
4.695507362786315864e-01,-0.000000000000000000e+00
4.695319114578849207e-01,-0.000000000000000000e+00
4.695447351018073867e-01,-0.000000000000000000e+00
4.695473738479895021e-01,-0.000000000000000000e+00
4.695446799084287970e-01,-0.000000000000000000e+00
4.695508532241045030e-01,-0.000000000000000000e+00
4.695508459165336768e-01,-0.000000000000000000e+00
4.695322601620024461e-01,-0.000000000000000000e+00
4.695505882612506232e-01,-0.000000000000000000e+00
4.695447105716638592e-01,-0.000000000000000000e+00
4.695447083007001643e-01,-0.000000000000000000e+00
4.695509339016240014e-01,-0.000000000000000000e+00
4.695344663231919569e-01,-0.000000000000000000e+00
4.695447659524275563e-01,-0.000000000000000000e+00
4.695446620886440381e-01,-0.000000000000000000e+00
4.695319216913133031e-01,-0.000000000000000000e+00
4.695507087735612539e-01,-0.000000000000000000e+00
4.695447438583215671e-01,-0.000000000000000000e+00
4.695447730197839786e-01,-0.000000000000000000e+00
4.695506436823575491e-01,-0.000000000000000000e+00
4.695322388339909225e-01,-0.000000000000000000e+00
4.695508126279879235e-01,-0.000000000000000000e+00
4.695508349942725257e-01,-0.000000000000000000e+00
4.695319946342727535e-01,-0.000000000000000000e+00
4.695534714642896623e-01,-0.000000000000000000e+00
4.695344660357699818e-01,-0.000000000000000000e+00
4.695318096490863624e-01,-0.000000000000000000e+00
4.695506948584372564e-01,-0.000000000000000000e+00
4.695318645964854931e-01,-0.000000000000000000e+00
4.695507936492683831e-01,-0.000000000000000000e+00
4.695509994649298968e-01,-0.000000000000000000e+00
4.695314831677521727e-01,-0.000000000000000000e+00
4.695263179282692656e-01,-0.000000000000000000e+00
4.695345699037690723e-01,-0.000000000000000000e+00
4.695533617410328486e-01,-0.000000000000000000e+00
4.695508075896429601e-01,-0.000000000000000000e+00
4.695532745681004205e-01,-0.000000000000000000e+00
4.695507608228736141e-01,-0.000000000000000000e+00
4.695507421288697136e-01,-0.000000000000000000e+00
4.695532171098870111e-01,-0.000000000000000000e+00
4.695535971317242874e-01,-0.000000000000000000e+00
4.695507234032906263e-01,-0.000000000000000000e+00
4.695507815856337364e-01,-0.000000000000000000e+00
4.695507096199824648e-01,-0.000000000000000000e+00
4.695448111914840017e-01,-0.000000000000000000e+00
4.695507306279902426e-01,-0.000000000000000000e+00
4.695509529272989813e-01,-0.000000000000000000e+00
4.695509049386771272e-01,-0.000000000000000000e+00
4.695319469939177037e-01,-0.000000000000000000e+00
4.695345732952784790e-01,-0.000000000000000000e+00
4.695507475454729907e-01,-0.000000000000000000e+00
4.695472699553036033e-01,-0.000000000000000000e+00
4.695532593872084881e-01,-0.000000000000000000e+00
4.695507064310796563e-01,-0.000000000000000000e+00
4.695447632971533891e-01,-0.000000000000000000e+00
4.695472074448199251e-01,-0.000000000000000000e+00
4.695447121389518808e-01,-0.000000000000000000e+00
4.695508086029479555e-01,-0.000000000000000000e+00
4.695324694145536215e-01,-0.000000000000000000e+00
4.695533240302821043e-01,-0.000000000000000000e+00
4.695509506861727522e-01,-0.000000000000000000e+00
4.695533724667345088e-01,-0.000000000000000000e+00
4.695259131388918039e-01,-0.000000000000000000e+00
4.695446679987887451e-01,-0.000000000000000000e+00
4.695472954594649417e-01,-0.000000000000000000e+00
4.695259681451495748e-01,-0.000000000000000000e+00
4.695447739509178708e-01,-0.000000000000000000e+00
4.695284020924646029e-01,-0.000000000000000000e+00
4.695507929226453436e-01,-0.000000000000000000e+00
4.695536803949447169e-01,-0.000000000000000000e+00
4.695473715341208498e-01,-0.000000000000000000e+00
4.695345398208212173e-01,-0.000000000000000000e+00
4.695508570769932333e-01,-0.000000000000000000e+00
4.695259429329938783e-01,-0.000000000000000000e+00
4.695447110427760085e-01,-0.000000000000000000e+00
4.695447702788946853e-01,-0.000000000000000000e+00
4.695508628052208477e-01,-0.000000000000000000e+00
4.695509058214175080e-01,-0.000000000000000000e+00
4.695344764395606441e-01,-0.000000000000000000e+00
4.695508176933341771e-01,-0.000000000000000000e+00
4.695508407524083272e-01,-0.000000000000000000e+00
4.695507654128509012e-01,-0.000000000000000000e+00
4.695533157303588001e-01,-0.000000000000000000e+00
4.695446957793149023e-01,-0.000000000000000000e+00
4.695322966819806543e-01,-0.000000000000000000e+00
4.695508762076612275e-01,-0.000000000000000000e+00
4.695508891394874484e-01,-0.000000000000000000e+00
4.695507764205581469e-01,-0.000000000000000000e+00
4.695329404162355558e-01,-0.000000000000000000e+00
4.695318575244461501e-01,-0.000000000000000000e+00
4.695508308588356439e-01,-0.000000000000000000e+00
4.695283262489190479e-01,-0.000000000000000000e+00
4.695447401347023209e-01,-0.000000000000000000e+00
4.695447993602693826e-01,-0.000000000000000000e+00
4.695447313330756156e-01,-0.000000000000000000e+00
4.695320312706103283e-01,-0.000000000000000000e+00
4.695508573971495236e-01,-0.000000000000000000e+00
4.695508441985778436e-01,-0.000000000000000000e+00
4.695534122956831480e-01,-0.000000000000000000e+00
4.695533575329257636e-01,-0.000000000000000000e+00
4.695319977047575088e-01,-0.000000000000000000e+00
4.695257901359029540e-01,-0.000000000000000000e+00
4.695507475261109231e-01,-0.000000000000000000e+00
4.695264509229301608e-01,-0.000000000000000000e+00
4.695533816473195787e-01,-0.000000000000000000e+00
4.695506377190805658e-01,-0.000000000000000000e+00
4.695506641917502333e-01,-0.000000000000000000e+00
4.695534830936294313e-01,-0.000000000000000000e+00
4.695533023958524121e-01,-0.000000000000000000e+00
4.695260338925841270e-01,-0.000000000000000000e+00
4.695508581026938133e-01,-0.000000000000000000e+00
4.695507266940920355e-01,-0.000000000000000000e+00
4.695508276896018796e-01,-0.000000000000000000e+00
4.695318482465435928e-01,-0.000000000000000000e+00
4.695446794402200474e-01,-0.000000000000000000e+00
4.695447080532049733e-01,-0.000000000000000000e+00
4.695447493234302661e-01,-0.000000000000000000e+00
4.695507144050877213e-01,-0.000000000000000000e+00
4.695319631658296800e-01,-0.000000000000000000e+00
4.695507931122180900e-01,-0.000000000000000000e+00
4.695343949073770839e-01,-0.000000000000000000e+00
4.695322334913716866e-01,-0.000000000000000000e+00
4.695446943781725335e-01,-0.000000000000000000e+00
4.695319543483307267e-01,-0.000000000000000000e+00
4.695507574926471306e-01,-0.000000000000000000e+00
4.695533334082452881e-01,-0.000000000000000000e+00
4.695509920540749671e-01,-0.000000000000000000e+00
4.695506771992693507e-01,-0.000000000000000000e+00
4.695318837921625965e-01,-0.000000000000000000e+00
4.695346048215106038e-01,-0.000000000000000000e+00
4.695533597696688877e-01,-0.000000000000000000e+00
4.695447323439320697e-01,-0.000000000000000000e+00
4.695345107581678779e-01,-0.000000000000000000e+00
4.695508823095701501e-01,-0.000000000000000000e+00
4.695533800737154428e-01,-0.000000000000000000e+00
4.695319543828629927e-01,-0.000000000000000000e+00
4.695347043950546806e-01,-0.000000000000000000e+00
4.695508355187361649e-01,-0.000000000000000000e+00
4.695321671977976674e-01,-0.000000000000000000e+00
4.695447414808740505e-01,-0.000000000000000000e+00
4.695258107169558159e-01,-0.000000000000000000e+00
4.695347245901683730e-01,-0.000000000000000000e+00
4.695447751480253396e-01,-0.000000000000000000e+00
4.695506652263088943e-01,-0.000000000000000000e+00
4.695473467511002141e-01,-0.000000000000000000e+00
4.695446937258547226e-01,-0.000000000000000000e+00
4.695446733401390516e-01,-0.000000000000000000e+00
4.695319502186117711e-01,-0.000000000000000000e+00
4.695253556455186161e-01,-0.000000000000000000e+00
4.695507769030649592e-01,-0.000000000000000000e+00
4.695508148633707468e-01,-0.000000000000000000e+00
4.695261932715870667e-01,-0.000000000000000000e+00
4.695448131327085717e-01,-0.000000000000000000e+00
4.695338908316677440e-01,-0.000000000000000000e+00
4.695507929978256501e-01,-0.000000000000000000e+00
4.695320109216171156e-01,-0.000000000000000000e+00
4.695262029940082682e-01,-0.000000000000000000e+00
4.695533719072036982e-01,-0.000000000000000000e+00
4.695447567208409501e-01,-0.000000000000000000e+00
4.695322155650625273e-01,-0.000000000000000000e+00
4.695448224430334161e-01,-0.000000000000000000e+00
4.695508003440567180e-01,-0.000000000000000000e+00
4.695447469617102798e-01,-0.000000000000000000e+00
4.695323660896406071e-01,-0.000000000000000000e+00
4.695447202598704295e-01,-0.000000000000000000e+00
4.695508007526830174e-01,-0.000000000000000000e+00
4.695507381989292850e-01,-0.000000000000000000e+00
4.695508594427791338e-01,-0.000000000000000000e+00
4.695506263487392862e-01,-0.000000000000000000e+00
4.695314362395288099e-01,-0.000000000000000000e+00
4.695447682815891421e-01,-0.000000000000000000e+00
4.695532884621328451e-01,-0.000000000000000000e+00
4.695533364270048637e-01,-0.000000000000000000e+00
4.695447643799615101e-01,-0.000000000000000000e+00
4.695508007607310796e-01,-0.000000000000000000e+00
4.695447759377848751e-01,-0.000000000000000000e+00
4.695507187970223706e-01,-0.000000000000000000e+00
4.695322138048307337e-01,-0.000000000000000000e+00
4.695507854042937357e-01,-0.000000000000000000e+00
4.695446675276011561e-01,-0.000000000000000000e+00
4.695537497243690295e-01,-0.000000000000000000e+00
4.695507532170384857e-01,-0.000000000000000000e+00
4.695447012141270582e-01,-0.000000000000000000e+00
4.695509014920839497e-01,-0.000000000000000000e+00
4.695259401228562002e-01,-0.000000000000000000e+00
4.695533196760592332e-01,-0.000000000000000000e+00
4.695507616006255325e-01,-0.000000000000000000e+00
4.695318727553817739e-01,-0.000000000000000000e+00
4.695533416920609771e-01,-0.000000000000000000e+00
4.695508165950407209e-01,-0.000000000000000000e+00
4.695259009429390007e-01,-0.000000000000000000e+00
4.695508081880601092e-01,-0.000000000000000000e+00
4.695446654199948444e-01,-0.000000000000000000e+00
4.695318739828217014e-01,-0.000000000000000000e+00
4.695288133484527560e-01,-0.000000000000000000e+00
4.695344495928388540e-01,-0.000000000000000000e+00
4.695320112584484562e-01,-0.000000000000000000e+00
4.684156235206264340e-01,-0.000000000000000000e+00
4.684155790318560997e-01,-0.000000000000000000e+00
4.684095847203397778e-01,-0.000000000000000000e+00
4.684154871334326731e-01,-0.000000000000000000e+00
4.684096191740095283e-01,-0.000000000000000000e+00
