-6.228620580988106226e-02,0.000000000000000000e+00
-6.228625698126250693e-02,0.000000000000000000e+00
-6.228622692585022297e-02,0.000000000000000000e+00
-6.227997448029102406e-02,0.000000000000000000e+00
-6.227991035718104945e-02,0.000000000000000000e+00
-6.227993461845422740e-02,0.000000000000000000e+00
6.755046005748926996e-02,0.000000000000000000e+00
2.192806088828102573e-01,0.000000000000000000e+00
2.918324569916277422e-01,0.000000000000000000e+00
3.284483936542594851e-01,0.000000000000000000e+00
5.295431029295083469e-01,0.000000000000000000e+00
4.258178740062436018e-01,0.000000000000000000e+00
6.967138089775534171e-01,6.999999999999999556e-01
6.090548961070463285e-01,6.999999999999999556e-01
8.017378828974924820e-01,6.999999999999999556e-01
1.001042344845255672e+00,6.999999999999999556e-01
9.213461781898020231e-01,6.999999999999999556e-01
1.125145080615592708e+00,6.999999999999999556e-01
1.163421562782180008e+00,6.999999999999999556e-01
1.097249459548654382e+00,6.999999999999999556e-01
1.084326420275376401e+00,6.999999999999999556e-01
1.248346653711700283e+00,6.999999999999999556e-01
1.171874070943172530e+00,6.999999999999999556e-01
1.255256154761268172e+00,6.999999999999999556e-01
1.279196362086569172e+00,6.999999999999999556e-01
1.399949620106990755e+00,6.999999999999999556e-01
1.360378113864448624e+00,6.999999999999999556e-01
1.430563928355041092e+00,6.999999999999999556e-01
1.456417648297489986e+00,6.999999999999999556e-01
1.484099317001777774e+00,6.999999999999999556e-01
1.733020178245161080e+00,6.999999999999999556e-01
1.703598239587055696e+00,6.999999999999999556e-01
1.887141938190823209e+00,6.999999999999999556e-01
1.987624782712491989e+00,6.999999999999999556e-01
1.917815839710766301e+00,6.999999999999999556e-01
2.015636680049286422e+00,6.999999999999999556e-01
2.200451479446321912e+00,6.999999999999999556e-01
2.132468424800659790e+00,6.999999999999999556e-01
2.435498930470227030e+00,6.999999999999999556e-01
2.322533445775066596e+00,6.999999999999999556e-01
2.650229219948528225e+00,1.399999999999999911e+00
2.609192086352284168e+00,1.399999999999999911e+00
2.651777099788353631e+00,1.399999999999999911e+00
2.519318169003395891e+00,1.399999999999999911e+00
2.788060732431200339e+00,1.399999999999999911e+00
2.835723552926205038e+00,1.399999999999999911e+00
3.036558401188995671e+00,1.399999999999999911e+00
3.120019192097396754e+00,1.399999999999999911e+00
3.132813840930324112e+00,1.399999999999999911e+00
3.216761214610601272e+00,1.399999999999999911e+00
3.232945237096794600e+00,1.399999999999999911e+00
3.312366468559149624e+00,1.399999999999999911e+00
3.360333678366457022e+00,1.399999999999999911e+00
3.389723911485277963e+00,1.399999999999999911e+00
3.340004703316280299e+00,1.399999999999999911e+00
3.374270946339773758e+00,1.399999999999999911e+00
3.286249535208853434e+00,1.399999999999999911e+00
3.447388090773559899e+00,1.399999999999999911e+00
3.483881424730345788e+00,1.399999999999999911e+00
3.495624331150747555e+00,1.399999999999999911e+00
3.643094899913148055e+00,1.399999999999999911e+00
3.582323722186326442e+00,1.399999999999999911e+00
3.854352604608698663e+00,1.399999999999999911e+00
3.772027647009194240e+00,1.399999999999999911e+00
3.930755191096995116e+00,1.399999999999999911e+00
3.727846334673496465e+00,1.399999999999999911e+00
3.803897005134650122e+00,1.399999999999999911e+00
3.756613666935206375e+00,1.399999999999999911e+00
3.733640993245066042e+00,1.399999999999999911e+00
3.755024989196310781e+00,1.399999999999999911e+00
3.815107782707598982e+00,1.399999999999999911e+00
3.793568901246662683e+00,1.399999999999999911e+00
3.803745276251534246e+00,1.399999999999999911e+00
3.817785012303334113e+00,1.399999999999999911e+00
3.815899531231064401e+00,1.399999999999999911e+00
3.878949330494603664e+00,1.399999999999999911e+00
3.928830281270837776e+00,1.399999999999999911e+00
4.262478964658176217e+00,1.399999999999999911e+00
4.291073228449102217e+00,1.399999999999999911e+00
4.054368818078037506e+00,1.399999999999999911e+00
4.047944681911079812e+00,1.399999999999999911e+00
4.048202696324207928e+00,1.399999999999999911e+00
4.046990253059989939e+00,1.399999999999999911e+00
3.860945050164185766e+00,1.399999999999999911e+00
3.479424035841383489e+00,1.399999999999999911e+00
2.561424022896215291e+00,1.399999999999999911e+00
2.406298577476727374e+00,6.999999999999999556e-01
1.811969503931649683e+00,6.999999999999999556e-01
1.274726113157898411e+00,6.999999999999999556e-01
1.125743880049640655e+00,6.999999999999999556e-01
9.711274302463936969e-01,6.999999999999999556e-01
6.230030175265462988e-01,6.999999999999999556e-01
5.490700539919242118e-01,0.000000000000000000e+00
4.554082421769258815e-01,0.000000000000000000e+00
4.255725455735990814e-01,0.000000000000000000e+00
5.560610311873914746e-02,0.000000000000000000e+00
-1.574515954719974964e-01,0.000000000000000000e+00
-1.928565741253231713e-01,0.000000000000000000e+00
-1.761926323218996060e-01,0.000000000000000000e+00
-3.398533746496572583e-01,0.000000000000000000e+00
-6.689849451342895215e-01,-6.999999999999999556e-01
-3.765536677387344988e-01,0.000000000000000000e+00
-3.502660180849689331e-01,0.000000000000000000e+00
-9.310278198255150794e-01,-6.999999999999999556e-01
-8.852497528294890339e-01,-6.999999999999999556e-01
-1.041532501141655409e+00,-6.999999999999999556e-01
-1.027444672262707748e+00,-6.999999999999999556e-01
-1.183017434055957384e+00,-6.999999999999999556e-01
-1.351580150559142490e+00,-6.999999999999999556e-01
-1.340911192136353014e+00,-6.999999999999999556e-01
-1.626599950671600681e+00,-6.999999999999999556e-01
-1.644729427654262999e+00,-6.999999999999999556e-01
-1.858345405286896179e+00,-6.999999999999999556e-01
-2.001670319192641045e+00,-6.999999999999999556e-01
-2.050055691672563185e+00,-6.999999999999999556e-01
-1.995529911825923097e+00,-6.999999999999999556e-01
-1.914285062914548030e+00,-6.999999999999999556e-01
-1.933391207555962277e+00,-6.999999999999999556e-01
-1.932286782333796804e+00,-6.999999999999999556e-01
-1.932292884050704318e+00,-6.999999999999999556e-01
-1.586702332775205671e+00,-6.999999999999999556e-01
-1.169430956959707224e+00,-6.999999999999999556e-01
-7.774322177645320853e-01,-6.999999999999999556e-01
-7.242292642705534522e-01,-6.999999999999999556e-01
-1.545534230987130053e-01,0.000000000000000000e+00
2.329182362074014856e-01,0.000000000000000000e+00
8.484776584390993914e-01,6.999999999999999556e-01
1.222757077878819043e+00,6.999999999999999556e-01
1.447829896734863508e+00,6.999999999999999556e-01
1.577974606505341715e+00,6.999999999999999556e-01
1.631925840444628628e+00,6.999999999999999556e-01
2.068454574446195515e+00,6.999999999999999556e-01
2.144239862158402232e+00,6.999999999999999556e-01
2.381182362875970071e+00,6.999999999999999556e-01
2.443182386995026434e+00,6.999999999999999556e-01
2.647824347053610250e+00,1.399999999999999911e+00
2.763693414634623036e+00,1.399999999999999911e+00
2.899568593774007663e+00,1.399999999999999911e+00
2.674431365534368776e+00,1.399999999999999911e+00
2.859224296285727718e+00,1.399999999999999911e+00
3.286187649645766484e+00,1.399999999999999911e+00
3.195810025447457736e+00,1.399999999999999911e+00
3.055581323422326356e+00,1.399999999999999911e+00
3.165405458804277927e+00,1.399999999999999911e+00
3.148062044424121630e+00,1.399999999999999911e+00
3.207297156625964263e+00,1.399999999999999911e+00
3.159035523059989803e+00,1.399999999999999911e+00
3.125060828201386087e+00,1.399999999999999911e+00
2.890599856564617376e+00,1.399999999999999911e+00
1.843060321793839496e+00,6.999999999999999556e-01
1.226884282930697623e+00,6.999999999999999556e-01
7.659960754215637824e-01,6.999999999999999556e-01
4.491160794736044348e-01,0.000000000000000000e+00
4.286248206072190703e-01,0.000000000000000000e+00
-4.053337959012193181e-03,0.000000000000000000e+00
2.107149707416591800e-01,0.000000000000000000e+00
3.443745646052981391e-01,0.000000000000000000e+00
4.572735863155020231e-01,0.000000000000000000e+00
4.572671840403154109e-01,0.000000000000000000e+00
4.276943343933077291e-01,0.000000000000000000e+00
4.479111279451288841e-01,0.000000000000000000e+00
4.438123436924696352e-01,0.000000000000000000e+00
4.245816073282238645e-01,0.000000000000000000e+00
3.768105140394852337e-01,0.000000000000000000e+00
1.986547395797963467e-01,0.000000000000000000e+00
2.905245312529597390e-01,0.000000000000000000e+00
2.618973255344253515e-01,0.000000000000000000e+00
-9.927548154355209098e-02,0.000000000000000000e+00
-1.998784003566335121e-01,0.000000000000000000e+00
-2.090091432310602071e-01,0.000000000000000000e+00
-3.210323689553220006e-01,0.000000000000000000e+00
-6.692561538821822920e-01,-6.999999999999999556e-01
-3.686534908973855273e-01,0.000000000000000000e+00
-1.738022675150797669e-01,0.000000000000000000e+00
-3.441761259093167324e-01,0.000000000000000000e+00
-6.919049542782940154e-01,-6.999999999999999556e-01
-8.880382020958161871e-01,-6.999999999999999556e-01
-7.931532329013109006e-01,-6.999999999999999556e-01
-1.077221057136812599e+00,-6.999999999999999556e-01
-1.195206073036575223e+00,-6.999999999999999556e-01
-9.091695327070943300e-01,-6.999999999999999556e-01
-1.040620858691547967e+00,-6.999999999999999556e-01
-9.977354920523632265e-01,-6.999999999999999556e-01
-1.034601969175299008e+00,-6.999999999999999556e-01
-1.269116079368729944e+00,-6.999999999999999556e-01
-1.202841674453808407e+00,-6.999999999999999556e-01
-1.219315522039964739e+00,-6.999999999999999556e-01
-1.238218644728413365e+00,-6.999999999999999556e-01
-1.599419476243720162e+00,-6.999999999999999556e-01
-1.886762349035793207e+00,-6.999999999999999556e-01
-1.781922031499237669e+00,-6.999999999999999556e-01
-1.715826607204848031e+00,-6.999999999999999556e-01
-1.486798824944399078e+00,-6.999999999999999556e-01
-1.200763275972849264e+00,-6.999999999999999556e-01
-9.732079285869427165e-01,-6.999999999999999556e-01
-3.211897176691071998e-01,0.000000000000000000e+00
-2.516774265405877786e-01,0.000000000000000000e+00
-3.118798957793634807e-01,0.000000000000000000e+00
-3.293081659917148629e-01,0.000000000000000000e+00
-3.396007799296431040e-01,0.000000000000000000e+00
-3.890170951409002154e-01,0.000000000000000000e+00
-4.780400968831007846e-01,0.000000000000000000e+00
-4.724977878861834624e-01,0.000000000000000000e+00
-4.725023589700567683e-01,0.000000000000000000e+00
-4.713552419109278135e-01,0.000000000000000000e+00
-4.635191929073780304e-01,0.000000000000000000e+00
-4.601679296205817282e-01,0.000000000000000000e+00
-4.371511608479698441e-01,0.000000000000000000e+00
-4.386954300565013565e-01,0.000000000000000000e+00
-4.301210766251613582e-01,0.000000000000000000e+00
-4.256843160071971388e-01,0.000000000000000000e+00
-4.219330306246052431e-01,0.000000000000000000e+00
-3.031713829985617781e-01,0.000000000000000000e+00
-3.550064914914333736e-01,0.000000000000000000e+00
-3.740455642127736291e-01,0.000000000000000000e+00
-3.778016201812572361e-01,0.000000000000000000e+00
-6.027744949813003128e-01,-6.999999999999999556e-01
-6.617950490261752527e-01,-6.999999999999999556e-01
-4.975382649171554705e-01,0.000000000000000000e+00
-4.979087422422747156e-01,0.000000000000000000e+00
-5.065210799711574730e-01,0.000000000000000000e+00
-6.723723225737091580e-01,-6.999999999999999556e-01
-1.146688274054817880e+00,-6.999999999999999556e-01
-9.862093718329123515e-01,-6.999999999999999556e-01
-1.082536978973735797e+00,-6.999999999999999556e-01
-1.064873262386743402e+00,-6.999999999999999556e-01
-1.316727330396548545e+00,-6.999999999999999556e-01
-1.156158081313935826e+00,-6.999999999999999556e-01
-1.310023982926903585e+00,-6.999999999999999556e-01
-1.124753113283258665e+00,-6.999999999999999556e-01
-7.305699997315365790e-01,-6.999999999999999556e-01
-5.146854611474390717e-01,0.000000000000000000e+00
-5.658393423233706310e-01,0.000000000000000000e+00
-6.440114693953804537e-01,-6.999999999999999556e-01
-4.888571963759644756e-01,0.000000000000000000e+00
-6.647776445008772850e-01,-6.999999999999999556e-01
-6.186527363165815752e-01,-6.999999999999999556e-01
-5.997005967709606589e-01,0.000000000000000000e+00
-5.925144713448360356e-01,0.000000000000000000e+00
-3.819610884446001942e-01,0.000000000000000000e+00
-4.657683259451046998e-01,0.000000000000000000e+00
-4.808560352139495397e-01,0.000000000000000000e+00
-4.649058008164514977e-01,0.000000000000000000e+00
-4.311163592280470858e-01,0.000000000000000000e+00
-4.080557265615887275e-01,0.000000000000000000e+00
-4.263257666847388716e-01,0.000000000000000000e+00
-4.214531839938743807e-01,0.000000000000000000e+00
-4.033997702429117371e-01,0.000000000000000000e+00
-4.035479983298403406e-01,0.000000000000000000e+00
-4.035423148159445472e-01,0.000000000000000000e+00
-4.012492213458545010e-01,0.000000000000000000e+00
-3.974438906212685030e-01,0.000000000000000000e+00
-3.984648865020010700e-01,0.000000000000000000e+00
-3.957080606715879245e-01,0.000000000000000000e+00
-3.929677296602648306e-01,0.000000000000000000e+00
-4.396108460942859120e-01,0.000000000000000000e+00
-3.916121283998305613e-01,0.000000000000000000e+00
-4.019709040776052733e-01,0.000000000000000000e+00
-4.873417971255756820e-01,0.000000000000000000e+00
-4.656869739202650349e-01,0.000000000000000000e+00
-8.105633731155220678e-01,-6.999999999999999556e-01
-8.760800871529547118e-01,-6.999999999999999556e-01
-8.297205043778255185e-01,-6.999999999999999556e-01
-1.065493107529421390e+00,-6.999999999999999556e-01
-1.056203847520529981e+00,-6.999999999999999556e-01
-9.594732609144496216e-01,-6.999999999999999556e-01
-1.070012591743117802e+00,-6.999999999999999556e-01
-1.001967856185115080e+00,-6.999999999999999556e-01
-1.029190868007477722e+00,-6.999999999999999556e-01
-1.032973412926986745e+00,-6.999999999999999556e-01
-6.748317321689029091e-01,-6.999999999999999556e-01
-8.128432593653533988e-01,-6.999999999999999556e-01
-6.706660965352576609e-01,-6.999999999999999556e-01
-5.027593007959556548e-01,0.000000000000000000e+00
-6.503544359794261043e-01,-6.999999999999999556e-01
-6.100239056019364225e-01,-6.999999999999999556e-01
-5.480213406089968764e-01,0.000000000000000000e+00
-5.841765151226688824e-01,0.000000000000000000e+00
-4.735774060201174418e-01,0.000000000000000000e+00
-5.621648774700126472e-01,0.000000000000000000e+00
-5.305731306916681156e-01,0.000000000000000000e+00
-3.810626143632510621e-01,0.000000000000000000e+00
-4.258444199816767695e-01,0.000000000000000000e+00
-2.589519467827395283e-01,0.000000000000000000e+00
-4.141496227116239215e-01,0.000000000000000000e+00
-3.457528570948027458e-01,0.000000000000000000e+00
-1.368395109762755302e-01,0.000000000000000000e+00
2.183004127508852976e-02,0.000000000000000000e+00
2.808754607236240153e-01,0.000000000000000000e+00
5.523390789453873628e-01,0.000000000000000000e+00
8.187981412231766232e-01,6.999999999999999556e-01
9.629510246216351765e-01,6.999999999999999556e-01
1.262140572236871039e+00,6.999999999999999556e-01
1.336390461910364591e+00,6.999999999999999556e-01
1.534039235431516213e+00,6.999999999999999556e-01
1.665929044513836610e+00,6.999999999999999556e-01
1.698907890651579766e+00,6.999999999999999556e-01
1.808972794042622345e+00,6.999999999999999556e-01
1.870415498900161344e+00,6.999999999999999556e-01
1.901445800028449318e+00,6.999999999999999556e-01
1.829452369209848328e+00,6.999999999999999556e-01
1.800540680540917648e+00,6.999999999999999556e-01
1.994433944965554151e+00,6.999999999999999556e-01
1.875011384307003093e+00,6.999999999999999556e-01
1.904414546953772547e+00,6.999999999999999556e-01
1.891874614815329148e+00,6.999999999999999556e-01
1.903052500753453558e+00,6.999999999999999556e-01
2.034521891133598270e+00,6.999999999999999556e-01
2.076206271005397674e+00,6.999999999999999556e-01
2.032867645364084819e+00,6.999999999999999556e-01
1.920894448812181965e+00,6.999999999999999556e-01
1.751493982576139086e+00,6.999999999999999556e-01
6.636819399606199710e-01,6.999999999999999556e-01
1.219888347334128653e+00,6.999999999999999556e-01
1.177769513882333641e+00,6.999999999999999556e-01
7.188717403620863422e-01,6.999999999999999556e-01
4.008130066177719719e-01,0.000000000000000000e+00
6.029610847191126943e-01,6.999999999999999556e-01
6.902334535993154274e-01,6.999999999999999556e-01
5.000825480447590454e-01,0.000000000000000000e+00
2.826549599970299975e-01,0.000000000000000000e+00
1.577181194583729407e-01,0.000000000000000000e+00
-1.267778692274393326e-02,0.000000000000000000e+00
-3.509285184296375704e-01,0.000000000000000000e+00
-3.720856217020936940e-01,0.000000000000000000e+00
-5.396114222585457476e-01,0.000000000000000000e+00
-7.305618563339829619e-01,-6.999999999999999556e-01
-8.781185461227698497e-01,-6.999999999999999556e-01
-9.348023515603403055e-01,-6.999999999999999556e-01
-1.129209574191140764e+00,-6.999999999999999556e-01
-1.060863874962552522e+00,-6.999999999999999556e-01
-1.304881616541861744e+00,-6.999999999999999556e-01
-1.008966114883340204e+00,-6.999999999999999556e-01
-8.652226703360053062e-01,-6.999999999999999556e-01
-9.366280721631368156e-01,-6.999999999999999556e-01
-9.438791981716672108e-01,-6.999999999999999556e-01
-1.266009318367176117e+00,-6.999999999999999556e-01
-9.302251153175518095e-01,-6.999999999999999556e-01
-7.067216319378402112e-01,-6.999999999999999556e-01
-6.216918041213232993e-01,-6.999999999999999556e-01
-5.416787298565768349e-01,0.000000000000000000e+00
-5.226493745159195292e-01,0.000000000000000000e+00
-2.988218690639269370e-01,0.000000000000000000e+00
-2.265314119672254545e-01,0.000000000000000000e+00
3.275291921993855881e-02,0.000000000000000000e+00
4.059512118740178366e-01,0.000000000000000000e+00
4.737151496613537516e-01,0.000000000000000000e+00
5.044127668398072917e-01,0.000000000000000000e+00
3.951443284510235410e-01,0.000000000000000000e+00
7.525663769387397339e-01,6.999999999999999556e-01
5.684068763552111436e-01,0.000000000000000000e+00
6.593524354987132519e-01,6.999999999999999556e-01
9.162808301468299277e-01,6.999999999999999556e-01
9.254032047741262978e-01,6.999999999999999556e-01
1.003689419919751913e+00,6.999999999999999556e-01
1.172419158630136904e+00,6.999999999999999556e-01
1.078090479094632848e+00,6.999999999999999556e-01
1.122102567421824348e+00,6.999999999999999556e-01
1.084008862710500676e+00,6.999999999999999556e-01
1.036995832608902601e+00,6.999999999999999556e-01
1.042140389436315262e+00,6.999999999999999556e-01
1.042143548464794067e+00,6.999999999999999556e-01
1.046307020015739608e+00,6.999999999999999556e-01
1.050288199170146930e+00,6.999999999999999556e-01
1.068594844742436045e+00,6.999999999999999556e-01
1.071842996208607568e+00,6.999999999999999556e-01
1.071842998786723955e+00,6.999999999999999556e-01
9.100434278230991048e-01,6.999999999999999556e-01
5.018379859994692715e-01,0.000000000000000000e+00
2.523771940748561482e-01,0.000000000000000000e+00
-1.548431127627479809e-01,0.000000000000000000e+00
-7.279070976289245820e-01,-6.999999999999999556e-01
-7.834091057063155006e-01,-6.999999999999999556e-01
-1.202177728227267650e+00,-6.999999999999999556e-01
-1.415673003819177822e+00,-6.999999999999999556e-01
-1.511804504147351125e+00,-6.999999999999999556e-01
-1.671851056163117910e+00,-6.999999999999999556e-01
-1.719688022528719218e+00,-6.999999999999999556e-01
-1.612040197291478183e+00,-6.999999999999999556e-01
-1.752509089656820951e+00,-6.999999999999999556e-01
-1.633468565658292126e+00,-6.999999999999999556e-01
-1.693156799773833932e+00,-6.999999999999999556e-01
-1.700611659736331660e+00,-6.999999999999999556e-01
-1.674378265938868848e+00,-6.999999999999999556e-01
-1.674136901102912356e+00,-6.999999999999999556e-01
-1.674136937244454781e+00,-6.999999999999999556e-01
-1.670722280379459246e+00,-6.999999999999999556e-01
-1.223046727876738293e+00,-6.999999999999999556e-01
-1.096443478937997540e+00,-6.999999999999999556e-01
-4.816195828115961142e-01,0.000000000000000000e+00
-2.117053197807973186e-01,0.000000000000000000e+00
3.020697781421206596e-01,0.000000000000000000e+00
7.499309049953234441e-01,6.999999999999999556e-01
9.358615694493643833e-01,6.999999999999999556e-01
1.039236315982719594e+00,6.999999999999999556e-01
1.295487198992329780e+00,6.999999999999999556e-01
1.430649626883116587e+00,6.999999999999999556e-01
1.262579848809413319e+00,6.999999999999999556e-01
1.440202685778368075e+00,6.999999999999999556e-01
1.671264997440881972e+00,6.999999999999999556e-01
1.684278474282405291e+00,6.999999999999999556e-01
1.742530586629946754e+00,6.999999999999999556e-01
1.761956770222612878e+00,6.999999999999999556e-01
1.581539710440138524e+00,6.999999999999999556e-01
1.648395510503522177e+00,6.999999999999999556e-01
1.724624640094126971e+00,6.999999999999999556e-01
1.947665678383641241e+00,6.999999999999999556e-01
1.760814696149186620e+00,6.999999999999999556e-01
2.026894527150280290e+00,6.999999999999999556e-01
1.933050326438476851e+00,6.999999999999999556e-01
1.832042576437893366e+00,6.999999999999999556e-01
1.859795103680315531e+00,6.999999999999999556e-01
1.868544286181127001e+00,6.999999999999999556e-01
2.123069241965126253e+00,6.999999999999999556e-01
1.955315882031958719e+00,6.999999999999999556e-01
1.947967175603910528e+00,6.999999999999999556e-01
1.961840804759304779e+00,6.999999999999999556e-01
2.043714454625775723e+00,6.999999999999999556e-01
2.000373082544260495e+00,6.999999999999999556e-01
2.013544396620148280e+00,6.999999999999999556e-01
2.246147942075682025e+00,6.999999999999999556e-01
2.153111084759948834e+00,6.999999999999999556e-01
2.115368384470925900e+00,6.999999999999999556e-01
2.089257970495238759e+00,6.999999999999999556e-01
2.099030680003530325e+00,6.999999999999999556e-01
2.123173742476568204e+00,6.999999999999999556e-01
2.355097553949860423e+00,6.999999999999999556e-01
2.144556734217034855e+00,6.999999999999999556e-01
2.088278119989381398e+00,6.999999999999999556e-01
2.147646125274870421e+00,6.999999999999999556e-01
2.236980263277017489e+00,6.999999999999999556e-01
2.205101543499546679e+00,6.999999999999999556e-01
2.205096720548795908e+00,6.999999999999999556e-01
1.214865410785145095e+00,6.999999999999999556e-01
4.057894891398028392e-01,0.000000000000000000e+00
1.846967716193754772e-01,0.000000000000000000e+00
3.846412528636703465e-01,0.000000000000000000e+00
3.438596669164245556e-01,0.000000000000000000e+00
5.552524027509322391e-01,0.000000000000000000e+00
4.608458702580002786e-01,0.000000000000000000e+00
4.012964724381961612e-01,0.000000000000000000e+00
5.288359257773878053e-01,0.000000000000000000e+00
5.568260025241126288e-01,0.000000000000000000e+00
4.976701477391023976e-01,0.000000000000000000e+00
3.391188866059415830e-01,0.000000000000000000e+00
4.092481707751045028e-01,0.000000000000000000e+00
5.318801585122955311e-01,0.000000000000000000e+00
5.272234820685085532e-01,0.000000000000000000e+00
5.279656073654186432e-01,0.000000000000000000e+00
5.279465495088968563e-01,0.000000000000000000e+00
5.279655504616077577e-01,0.000000000000000000e+00
3.196069451763586811e-01,0.000000000000000000e+00
5.213791663293225742e-01,0.000000000000000000e+00
5.124309431223748046e-01,0.000000000000000000e+00
5.202213594230624683e-01,0.000000000000000000e+00
5.202239201911278421e-01,0.000000000000000000e+00
5.202368480338463996e-01,0.000000000000000000e+00
5.202403121547579667e-01,0.000000000000000000e+00
5.202152802659805175e-01,0.000000000000000000e+00
5.202180069533917095e-01,0.000000000000000000e+00
5.202344417278358391e-01,0.000000000000000000e+00
5.202180549271989696e-01,0.000000000000000000e+00
5.202181125949025819e-01,0.000000000000000000e+00
5.202153144766965553e-01,0.000000000000000000e+00
5.202342223274156741e-01,0.000000000000000000e+00
5.202214010169068370e-01,0.000000000000000000e+00
5.202343514769338650e-01,0.000000000000000000e+00
5.202343539910736503e-01,0.000000000000000000e+00
5.202153793701124185e-01,0.000000000000000000e+00
5.202179095809277287e-01,0.000000000000000000e+00
5.202343467644304775e-01,0.000000000000000000e+00
5.202153384610023190e-01,0.000000000000000000e+00
5.202343424686303175e-01,0.000000000000000000e+00
5.162615750111961832e-01,0.000000000000000000e+00
5.162528788822389192e-01,0.000000000000000000e+00
5.162530317614272279e-01,0.000000000000000000e+00
5.162528913846073930e-01,0.000000000000000000e+00
5.162527176667445206e-01,0.000000000000000000e+00
5.162529589535191921e-01,0.000000000000000000e+00
5.162529299372724534e-01,0.000000000000000000e+00
5.162718624636887244e-01,0.000000000000000000e+00
5.162530030062545405e-01,0.000000000000000000e+00
5.162555786349680709e-01,0.000000000000000000e+00
5.162530541505659931e-01,0.000000000000000000e+00
5.162555888509231528e-01,0.000000000000000000e+00
5.162715831835935631e-01,0.000000000000000000e+00
5.162529587959521216e-01,0.000000000000000000e+00
5.162529739332453182e-01,0.000000000000000000e+00
7.290465903874746578e-01,6.999999999999999556e-01
5.395043144743114638e-01,0.000000000000000000e+00
2.978995785408873331e-01,0.000000000000000000e+00
5.237561129392265258e-01,0.000000000000000000e+00
5.088832982924311743e-01,0.000000000000000000e+00
4.918802256821044883e-01,0.000000000000000000e+00
4.879207197121985806e-01,0.000000000000000000e+00
2.412393732673108471e-01,0.000000000000000000e+00
-1.744310720910913215e-02,0.000000000000000000e+00
-3.716636864516514316e-01,0.000000000000000000e+00
-5.576896005710252346e-01,0.000000000000000000e+00
-5.988242363318214689e-01,0.000000000000000000e+00
-6.163801671554598460e-01,-6.999999999999999556e-01
-4.163209325090843071e-01,0.000000000000000000e+00
-6.638587640111449639e-01,-6.999999999999999556e-01
-4.393249983516610002e-01,0.000000000000000000e+00
-4.251464502264446499e-01,0.000000000000000000e+00
-3.971047227106991873e-01,0.000000000000000000e+00
-3.929809392742488749e-01,0.000000000000000000e+00
-5.132437925716182292e-01,0.000000000000000000e+00
-8.226911339822134961e-01,-6.999999999999999556e-01
-1.161061743934831858e+00,-6.999999999999999556e-01
-7.600997277391124962e-01,-6.999999999999999556e-01
-7.598682570277270898e-01,-6.999999999999999556e-01
-7.342692377341173415e-01,-6.999999999999999556e-01
-7.395164401877660776e-01,-6.999999999999999556e-01
-1.312249976067696444e+00,-6.999999999999999556e-01
-1.083352372248184370e+00,-6.999999999999999556e-01
-7.702894452857342866e-01,-6.999999999999999556e-01
-5.882055800154875058e-01,0.000000000000000000e+00
-5.724017430017032115e-01,0.000000000000000000e+00
-4.164412121854508819e-01,0.000000000000000000e+00
-3.290427922455689824e-01,0.000000000000000000e+00
-5.045809770720184328e-01,0.000000000000000000e+00
-5.156578289358433320e-01,0.000000000000000000e+00
-5.010792404078865392e-01,0.000000000000000000e+00
-5.062337249000607997e-01,0.000000000000000000e+00
-4.985475844645799182e-01,0.000000000000000000e+00
-3.510266239078900230e-01,0.000000000000000000e+00
-4.746853977423025062e-01,0.000000000000000000e+00
-4.844395803072868989e-01,0.000000000000000000e+00
-4.844451765832766266e-01,0.000000000000000000e+00
-4.844309685652702924e-01,0.000000000000000000e+00
-2.924452470277232319e-01,0.000000000000000000e+00
-4.779365939130914009e-01,0.000000000000000000e+00
-4.767790571746425843e-01,0.000000000000000000e+00
-4.767836660998589493e-01,0.000000000000000000e+00
-4.767924062569972032e-01,0.000000000000000000e+00
-4.767787821005396443e-01,0.000000000000000000e+00
-4.767790601477346901e-01,0.000000000000000000e+00
-4.767792609047020735e-01,0.000000000000000000e+00
-4.730552390936003659e-01,0.000000000000000000e+00
-4.730552613708687848e-01,0.000000000000000000e+00
-4.702758626005084097e-01,0.000000000000000000e+00
-4.702759887844970565e-01,0.000000000000000000e+00
-4.702815877789313093e-01,0.000000000000000000e+00
-4.702759326865273981e-01,0.000000000000000000e+00
-4.702759290027464512e-01,0.000000000000000000e+00
-4.702759912838895273e-01,0.000000000000000000e+00
-4.702760491872713389e-01,0.000000000000000000e+00
-4.702759087069273147e-01,0.000000000000000000e+00
-4.702758151738423154e-01,0.000000000000000000e+00
-4.702759978588243461e-01,0.000000000000000000e+00
-4.702846502169256704e-01,0.000000000000000000e+00
-4.702759683090553255e-01,0.000000000000000000e+00
-4.702892815390899983e-01,0.000000000000000000e+00
-4.702846483751832452e-01,0.000000000000000000e+00
-4.702892909017435397e-01,0.000000000000000000e+00
-4.702759888131335386e-01,0.000000000000000000e+00
-4.702760404864892996e-01,0.000000000000000000e+00
-4.702846638496609444e-01,0.000000000000000000e+00
-4.702760282222374077e-01,0.000000000000000000e+00
-4.702756324295337964e-01,0.000000000000000000e+00
-4.702815341441500818e-01,0.000000000000000000e+00
-4.702758244069649152e-01,0.000000000000000000e+00
-4.702759893991406148e-01,0.000000000000000000e+00
-4.702759432034253617e-01,0.000000000000000000e+00
-4.702760309613474021e-01,0.000000000000000000e+00
-4.702760317336349138e-01,0.000000000000000000e+00
-4.702846011792221059e-01,0.000000000000000000e+00
-4.702759508409760647e-01,0.000000000000000000e+00
-4.702749685444205796e-01,0.000000000000000000e+00
-4.702847823217294332e-01,0.000000000000000000e+00
-4.702979298428801580e-01,0.000000000000000000e+00
-4.702760116174297123e-01,0.000000000000000000e+00
-4.702758343263041541e-01,0.000000000000000000e+00
-4.702759090720131652e-01,0.000000000000000000e+00
-4.702759314101538357e-01,0.000000000000000000e+00
-4.702759368184159516e-01,0.000000000000000000e+00
-4.702816376358477934e-01,0.000000000000000000e+00
-4.702951288785872652e-01,0.000000000000000000e+00
-4.702847411026365165e-01,0.000000000000000000e+00
-4.702759283656934852e-01,0.000000000000000000e+00
-4.702759871288113569e-01,0.000000000000000000e+00
-4.702978683898915713e-01,0.000000000000000000e+00
-4.702760744798875070e-01,0.000000000000000000e+00
-4.702846631208240646e-01,0.000000000000000000e+00
-4.702759110566105405e-01,0.000000000000000000e+00
-4.702893471630720801e-01,0.000000000000000000e+00
-4.702891079344020953e-01,0.000000000000000000e+00
-4.702759204858457664e-01,0.000000000000000000e+00
-4.702816259823858203e-01,0.000000000000000000e+00
-4.702892398362839566e-01,0.000000000000000000e+00
-4.702759638320287983e-01,0.000000000000000000e+00
-4.702760123532822578e-01,0.000000000000000000e+00
-4.702758709823914862e-01,0.000000000000000000e+00
-4.702758849457241985e-01,0.000000000000000000e+00
-4.702892515025784426e-01,0.000000000000000000e+00
-4.702892404827899164e-01,0.000000000000000000e+00
-4.702758954667894398e-01,0.000000000000000000e+00
-4.702757317544957738e-01,0.000000000000000000e+00
-4.702795288947337893e-01,0.000000000000000000e+00
-4.702760876181540373e-01,0.000000000000000000e+00
-4.703035472002689565e-01,0.000000000000000000e+00
-4.702816018905737749e-01,0.000000000000000000e+00
-4.702759652011823110e-01,0.000000000000000000e+00
-4.702892080132036745e-01,0.000000000000000000e+00
-4.702759324127738227e-01,0.000000000000000000e+00
-4.702847391146661171e-01,0.000000000000000000e+00
-4.702902383651131890e-01,0.000000000000000000e+00
-4.702892165291994719e-01,0.000000000000000000e+00
-4.702758527475418004e-01,0.000000000000000000e+00
-4.007812635673658752e-01,0.000000000000000000e+00
-4.647465815266465516e-01,0.000000000000000000e+00
-4.647464864088915459e-01,0.000000000000000000e+00
-4.464480232101108448e-01,0.000000000000000000e+00
-4.598633144601164680e-01,0.000000000000000000e+00
-4.598633570793584369e-01,0.000000000000000000e+00
-4.431498427749339108e-01,0.000000000000000000e+00
-4.488131973756682713e-01,0.000000000000000000e+00
-4.487859582946607251e-01,0.000000000000000000e+00
-4.488044794128368542e-01,0.000000000000000000e+00
-4.318347861579062141e-01,0.000000000000000000e+00
-4.274870818531503192e-01,0.000000000000000000e+00
-4.279932483541210586e-01,0.000000000000000000e+00
-3.349775179225159549e-01,0.000000000000000000e+00
-4.013230242144736337e-01,0.000000000000000000e+00
-3.746063978316172549e-01,0.000000000000000000e+00
-3.758565233762209967e-01,0.000000000000000000e+00
-3.758564264627837215e-01,0.000000000000000000e+00
-3.898929021428118036e-01,0.000000000000000000e+00
-3.930496641126767221e-01,0.000000000000000000e+00
-3.952373595306177267e-01,0.000000000000000000e+00
-3.989353829933222073e-01,0.000000000000000000e+00
-3.988671066712176638e-01,0.000000000000000000e+00
-5.206444265018537187e-01,0.000000000000000000e+00
-4.391061842276731131e-01,0.000000000000000000e+00
-4.788790889116077421e-01,0.000000000000000000e+00
-4.788790889116077421e-01,0.000000000000000000e+00
-4.669124777015262739e-01,0.000000000000000000e+00
-5.101569851944715017e-01,0.000000000000000000e+00
-5.121828949546410881e-01,0.000000000000000000e+00
-5.158938309110224774e-01,0.000000000000000000e+00
-5.158807675053329600e-01,0.000000000000000000e+00
-5.158892002952297773e-01,0.000000000000000000e+00
-5.158938131548927997e-01,0.000000000000000000e+00
-5.399943400653571812e-01,0.000000000000000000e+00
-6.343508737399473629e-01,-6.999999999999999556e-01
-6.150700996810779531e-01,-6.999999999999999556e-01
-6.484291252252629700e-01,-6.999999999999999556e-01
-6.830291363316606246e-01,-6.999999999999999556e-01
-7.056038777743525170e-01,-6.999999999999999556e-01
-9.525654119021378374e-01,-6.999999999999999556e-01
-7.303589161113621664e-01,-6.999999999999999556e-01
-7.314982618909987577e-01,-6.999999999999999556e-01
-7.314983198468361092e-01,-6.999999999999999556e-01
-6.547934635476412302e-01,-6.999999999999999556e-01
-6.299090227008211640e-01,-6.999999999999999556e-01
-2.306964678221029574e-01,0.000000000000000000e+00
-2.940557693128455496e-01,0.000000000000000000e+00
-1.995418834155167631e-01,0.000000000000000000e+00
-6.761074124135096897e-02,0.000000000000000000e+00
8.269307775831893914e-02,0.000000000000000000e+00
2.809323366153151924e-03,0.000000000000000000e+00
4.125554414106618051e-01,0.000000000000000000e+00
4.436942678518344674e-01,0.000000000000000000e+00
3.657518773051838257e-01,0.000000000000000000e+00
4.062127923183326272e-01,0.000000000000000000e+00
5.113288044789691122e-01,0.000000000000000000e+00
6.841753219653576856e-01,6.999999999999999556e-01
