0.000000000000000000e+00,1.000000000000000000e+00,0.000000000000000000e+00,0.000000000000000000e+00,0.000000000000000000e+00,0.000000000000000000e+00
-1.269295110000000086e-09,2.000000000000000000e+00,0.000000000000000000e+00,0.000000000000000000e+00,1.627564906045264242e-08,-0.000000000000000000e+00
-1.269295110000000086e-09,2.000000000000000000e+00,0.000000000000000000e+00,0.000000000000000000e+00,1.627564906045264242e-08,-0.000000000000000000e+00
-1.269295110000000086e-09,2.000000000000000000e+00,0.000000000000000000e+00,0.000000000000000000e+00,1.627564906045264242e-08,-0.000000000000000000e+00
-1.269295110000000086e-09,2.000000000000000000e+00,0.000000000000000000e+00,0.000000000000000000e+00,1.627564906045264242e-08,-0.000000000000000000e+00
-1.269295110000000086e-09,2.000000000000000000e+00,0.000000000000000000e+00,0.000000000000000000e+00,1.627564906045264242e-08,-0.000000000000000000e+00
-1.269295110000000086e-09,2.000000000000000000e+00,0.000000000000000000e+00,0.000000000000000000e+00,1.627564906045264242e-08,-0.000000000000000000e+00
-1.269295110000000086e-09,2.000000000000000000e+00,0.000000000000000000e+00,0.000000000000000000e+00,1.627564906045264242e-08,-0.000000000000000000e+00
-1.269295110000000086e-09,2.000000000000000000e+00,0.000000000000000000e+00,0.000000000000000000e+00,1.627564906045264242e-08,-0.000000000000000000e+00
-1.269295110000000086e-09,2.000000000000000000e+00,0.000000000000000000e+00,0.000000000000000000e+00,1.627564906045264242e-08,-0.000000000000000000e+00
-1.269295110000000086e-09,2.000000000000000000e+00,0.000000000000000000e+00,0.000000000000000000e+00,1.627564906045264242e-08,-0.000000000000000000e+00
-1.269295110000000086e-09,2.000000000000000000e+00,0.000000000000000000e+00,0.000000000000000000e+00,1.627564906045264242e-08,-0.000000000000000000e+00
-1.269295110000000086e-09,2.000000000000000000e+00,0.000000000000000000e+00,0.000000000000000000e+00,1.627564906045264242e-08,-0.000000000000000000e+00
-1.269295110000000086e-09,2.000000000000000000e+00,0.000000000000000000e+00,0.000000000000000000e+00,1.627564906045264242e-08,-0.000000000000000000e+00
-1.269295110000000086e-09,2.000000000000000000e+00,0.000000000000000000e+00,0.000000000000000000e+00,1.627564906045264242e-08,-0.000000000000000000e+00
-1.269295110000000086e-09,2.000000000000000000e+00,0.000000000000000000e+00,0.000000000000000000e+00,1.627564906045264242e-08,-0.000000000000000000e+00
-1.269295110000000086e-09,2.000000000000000000e+00,0.000000000000000000e+00,0.000000000000000000e+00,1.627564906045264242e-08,-0.000000000000000000e+00
-1.269295110000000086e-09,2.000000000000000000e+00,0.000000000000000000e+00,0.000000000000000000e+00,1.627564906045264242e-08,-0.000000000000000000e+00
-1.269295110000000086e-09,2.000000000000000000e+00,0.000000000000000000e+00,0.000000000000000000e+00,1.627564906045264242e-08,-0.000000000000000000e+00
-1.269295110000000086e-09,2.000000000000000000e+00,0.000000000000000000e+00,0.000000000000000000e+00,1.627564906045264242e-08,-0.000000000000000000e+00
-1.269295110000000086e-09,2.000000000000000000e+00,0.000000000000000000e+00,0.000000000000000000e+00,1.627564906045264242e-08,-0.000000000000000000e+00
-1.269295110000000086e-09,2.000000000000000000e+00,0.000000000000000000e+00,0.000000000000000000e+00,1.627564906045264242e-08,-0.000000000000000000e+00
-1.269295110000000086e-09,2.000000000000000000e+00,0.000000000000000000e+00,0.000000000000000000e+00,1.627564906045264242e-08,-0.000000000000000000e+00
-1.269295110000000086e-09,2.000000000000000000e+00,0.000000000000000000e+00,0.000000000000000000e+00,1.627564906045264242e-08,-0.000000000000000000e+00
-1.269295110000000086e-09,2.000000000000000000e+00,0.000000000000000000e+00,0.000000000000000000e+00,1.627564906045264242e-08,-0.000000000000000000e+00
-1.269295110000000086e-09,2.000000000000000000e+00,0.000000000000000000e+00,0.000000000000000000e+00,1.627564906045264242e-08,-0.000000000000000000e+00
-1.269295110000000086e-09,2.000000000000000000e+00,0.000000000000000000e+00,0.000000000000000000e+00,1.627564906045264242e-08,-0.000000000000000000e+00
-1.269295110000000086e-09,2.000000000000000000e+00,0.000000000000000000e+00,0.000000000000000000e+00,1.627564906045264242e-08,-0.000000000000000000e+00
-1.269295110000000086e-09,2.000000000000000000e+00,0.000000000000000000e+00,0.000000000000000000e+00,1.627564906045264242e-08,-0.000000000000000000e+00
-8.855544000000000539e-06,1.996718409999999944e+00,-1.328977999999999974e-03,-1.372818000000000094e-01,-9.190662985565364179e-03,-2.138647999999999938e-01
-4.807571530000000036e-05,1.990488770000000018e+00,-2.428074369999999940e-03,-2.106491480000000083e-01,-2.089331221554751455e-02,-3.268140999999999963e-01
-3.140202610000000197e-04,1.976870539999999954e+00,-6.606812000000000101e-03,-2.678839270000000217e-01,-3.643411186199774221e-02,-4.169880149999999897e-01
-7.337516000000000307e-04,1.964716319999999961e+00,-1.129249860000000084e-02,-3.137234449999999897e-01,-5.497963736195854434e-02,-4.875462349999999945e-01
-1.344970999999999927e-03,1.951244350000000072e+00,-1.665190789999999865e-02,-3.509113189999999993e-01,-7.592641267768607261e-02,-5.441057679999999896e-01
-1.344970999999999927e-03,1.951244350000000072e+00,-1.665190789999999865e-02,-3.509113189999999993e-01,-7.592641267768607261e-02,-5.441057679999999896e-01
-2.904524999999999815e-03,1.925548789999999899e+00,-2.968051099999999970e-02,-4.073790999999999940e-01,-1.234765235785759835e-01,-6.346290999999999460e-01
-4.452430000000000276e-03,1.907453059999999923e+00,-4.596918450000000295e-02,-4.729128779999999810e-01,-1.458757009858223097e-01,-5.826621650000000097e-01
-6.370012650000000422e-03,1.889440180000000025e+00,-5.383707580000000187e-02,-4.825001360000000239e-01,-1.701776131307137785e-01,-6.286260999999999655e-01
-8.764490490000000425e-03,1.869915999999999912e+00,-7.777420429999999663e-02,-5.810793640000000426e-01,-1.905873590131830497e-01,-4.946629410000000227e-01
-1.481444950000000010e-02,1.828823800000000110e+00,-1.058126459999999963e-01,-6.819582579999999838e-01,-2.146555768072202774e-01,-3.665583729999999929e-01
-1.949122999999999828e-02,1.800252200000000080e+00,-1.254701609999999967e-01,-7.349809409999999987e-01,-2.272009144587636420e-01,-3.014222380000000090e-01
-2.535062000000000079e-02,1.767465000000000064e+00,-1.439656759999999869e-01,-7.769415379999999871e-01,-2.375136548564239225e-01,-2.492626460000000044e-01
-3.179399299999999956e-02,1.734168530000000041e+00,-1.610501709999999920e-01,-8.099929689999999516e-01,-2.460359876381693622e-01,-2.075539829999999974e-01
-3.876629000000000186e-02,1.700427410000000084e+00,-1.764040739999999940e-01,-8.372882600000000064e-01,-2.531260054972901408e-01,-1.702376999999999918e-01
-4.602117459999999910e-02,1.667171479999999928e+00,-1.896628740000000091e-01,-8.570645449999999554e-01,-2.588647667602366753e-01,-1.450713429999999915e-01
-5.354252000000000317e-02,1.634131189999999956e+00,-1.988566999999999974e-01,-8.749869000000000119e-01,-2.638053976828924063e-01,-1.257488880000000031e-01
-5.354252000000000317e-02,1.634131189999999956e+00,-1.988566999999999974e-01,-8.749869000000000119e-01,-2.638053976828924063e-01,-1.257488880000000031e-01
-6.423302999999999652e-02,1.588411690000000043e+00,-2.119638000000000078e-01,-8.956596999999999476e-01,-2.696395185001800865e-01,-8.865844459999999705e-02
-7.578592000000000661e-02,1.540742639999999941e+00,-2.175342439999999877e-01,-9.064301999999999637e-01,-2.725440273735082464e-01,-7.961606999999999712e-02
-8.400652000000000119e-02,1.507273000000000085e+00,-2.221432779999999996e-01,-9.152749999999999497e-01,-2.752881649231875838e-01,-7.073004539999999674e-02
-8.400652000000000119e-02,1.507273000000000085e+00,-2.221432779999999996e-01,-9.152749999999999497e-01,-2.752881649231875838e-01,-7.073004539999999674e-02
-9.842964999999999354e-02,1.448743820000000015e+00,-1.837126309999999874e-01,-7.563950000000000395e-01,-2.967188882755008028e-01,-3.823457359999999916e-01
-1.050859539999999953e-01,1.421995520000000068e+00,-1.730403299999999922e-01,-6.973557999999999701e-01,-3.153297913657803209e-01,-4.968506999999999785e-01
-1.177298870000000053e-01,1.373733279999999946e+00,-1.718636749999999935e-01,-6.328407000000000338e-01,-3.499661994374582141e-01,-6.066344380000000536e-01
-1.262852100000000088e-01,1.344430919999999974e+00,-2.170642610000000083e-01,-7.066206000000000431e-01,-3.792009496098953103e-01,-4.444807769999999936e-01
-1.262852100000000088e-01,1.344430919999999974e+00,-2.170642610000000083e-01,-7.066206000000000431e-01,-3.792009496098953103e-01,-4.444807769999999936e-01
-1.364490539999999863e-01,1.312552209999999997e+00,-2.486935000000000118e-01,-7.409637569999999451e-01,-3.942734088265958392e-01,-3.583177000000000167e-01
-1.474367380000000116e-01,1.280995370000000078e+00,-2.756507999999999736e-01,-7.681454420000000116e-01,-4.063957519712843580e-01,-2.879550160000000081e-01
-1.694202270000000066e-01,1.222742999999999913e+00,-3.159589170000000058e-01,-8.108077000000000201e-01,-4.240351000801487746e-01,-1.916873159999999965e-01
-1.822042170000000016e-01,1.190553549999999960e+00,-3.307092790000000226e-01,-8.274897340000000323e-01,-4.304894742616809378e-01,-1.565940000000000110e-01
-1.953446570000000049e-01,1.158296589999999959e+00,-3.538402319999999768e-01,-8.691152330000000426e-01,-4.319016201594695348e-01,-6.732614000000000654e-02
-1.953446570000000049e-01,1.158296589999999959e+00,-3.538402319999999768e-01,-8.691152330000000426e-01,-4.319016201594695348e-01,-6.732614000000000654e-02
-2.210309360000000112e-01,1.097256000000000009e+00,-3.751142319999999919e-01,-8.749493000000000409e-01,-4.360780813584199112e-01,-4.512566999999999967e-02
-2.371854340000000005e-01,1.060191869999999925e+00,-3.826513999999999749e-01,-8.772094999999999754e-01,-4.376156239269765602e-01,-3.433719650000000012e-02
-2.565005419999999980e-01,1.016605729999999985e+00,-3.333922000000000274e-01,-7.532365319999999587e-01,-4.497215889019643420e-01,-2.848666610000000210e-01
-2.565005419999999980e-01,1.016605729999999985e+00,-3.333922000000000274e-01,-7.532365319999999587e-01,-4.497215889019643420e-01,-2.848666610000000210e-01
-2.758723200000000042e-01,9.736652369999999612e-01,-2.985632999999999759e-01,-6.620196000000000414e-01,-4.740738991743364550e-01,-4.589852689999999735e-01
-2.875534590000000112e-01,9.484181400000000206e-01,-3.264992829999999735e-01,-7.014736999999999778e-01,-4.897141454126373028e-01,-3.698012829999999806e-01
-3.005619999999999958e-01,9.211036559999999929e-01,-3.515642290000000059e-01,-7.321185999999999527e-01,-5.023043624605664226e-01,-2.975238559999999755e-01
-3.141558769999999723e-01,8.933630000000000182e-01,-3.738034370000000162e-01,-7.557519000000000320e-01,-5.124247169601086060e-01,-2.390612000000000015e-01
-3.343783320000000003e-01,8.534387350000000039e-01,-3.933862750000000075e-01,-7.741090659999999568e-01,-5.205501217273776904e-01,-1.916276660000000021e-01
-3.514804240000000135e-01,8.206407999999999481e-01,-4.105346200000000167e-01,-7.882544999999999691e-01,-5.270519967898322777e-01,-1.528691199999999972e-01
-3.680986760000000135e-01,7.894995000000000207e-01,-4.254526000000000141e-01,-7.991511999999999505e-01,-5.322278841330227994e-01,-1.212229060000000053e-01
-3.680986760000000135e-01,7.894995000000000207e-01,-4.254526000000000141e-01,-7.991511999999999505e-01,-5.322278841330227994e-01,-1.212229060000000053e-01
-4.006577729999999948e-01,7.301252999999999771e-01,-4.495564000000000227e-01,-8.141188999999999787e-01,-5.395415572091403211e-01,-7.475469999999999338e-02
-4.177400470000000032e-01,6.997487550000000001e-01,-4.816476399999999880e-01,-8.459064360000000393e-01,-5.393176175034753994e-01,5.301391709999999681e-03
-4.358256460000000110e-01,6.682936000000000432e-01,-5.242120999999999587e-01,-9.064134360000000168e-01,-5.349440754707192047e-01,1.386183800000000133e-01
-4.566391410000000262e-01,6.325783999999999851e-01,-5.225187000000000026e-01,-8.920453000000000410e-01,-5.301863044391241786e-01,1.116706130000000019e-01
-4.792843999999999993e-01,5.940215589999999768e-01,-5.199140309999999987e-01,-8.793396999999999464e-01,-5.262017160114917935e-01,8.642940999999999818e-02
-4.980587000000000208e-01,5.622605999999999993e-01,-5.158875000000000544e-01,-8.704745999999999873e-01,-5.234286321761681959e-01,6.637468000000000534e-02
-5.159491000000000493e-01,5.320559000000000260e-01,-5.146732000000000529e-01,-8.659926650000000503e-01,-5.223174281653131246e-01,5.626369269999999950e-02
-5.367400650000000439e-01,4.970142249999999762e-01,-5.106908999999999477e-01,-8.597160000000000357e-01,-5.206564157694826278e-01,4.668297250000000287e-02
-5.688680000000000403e-01,4.423791000000000251e-01,-4.518794420000000200e-01,-7.709253999999999829e-01,-5.235437977268609933e-01,-1.499136689999999994e-01
-5.867082999999999604e-01,4.118393000000000193e-01,-4.085830149999999938e-01,-7.023293000000000452e-01,-5.342525847477254120e-01,-3.047010299999999838e-01
-6.015770000000000284e-01,3.863762000000000030e-01,-3.766344189999999981e-01,-6.452179000000000109e-01,-5.502253266805066101e-01,-4.307388999999999801e-01
-6.015770000000000284e-01,3.863762000000000030e-01,-3.766344189999999981e-01,-6.452179000000000109e-01,-5.502253266805066101e-01,-4.307388999999999801e-01
-6.267614999999999714e-01,3.438217639999999742e-01,-3.398244000000000264e-01,-5.765538999999999525e-01,-5.708399916704526289e-01,-2.158985439999999978e-01
-6.393170360000000052e-01,3.229021730000000145e-01,-3.223983650000000201e-01,-5.389751000000000403e-01,-5.727084643731505942e-01,2.169020470000000093e-03
-6.526667000000000440e-01,3.009734000000000020e-01,-3.102587760000000139e-01,-5.110615490000000039e-01,-5.672220201241771065e-01,1.788459420000000077e-01
-6.526667000000000440e-01,3.009734000000000020e-01,-3.102587760000000139e-01,-5.110615490000000039e-01,-5.672220201241771065e-01,1.788459420000000077e-01
-6.758069399999999671e-01,2.637516260000000168e-01,-2.941381339999999955e-01,-4.678401349999999903e-01,-5.395867298208405494e-01,4.335610269999999877e-01
-6.863243580000000232e-01,2.468287349999999936e-01,-2.346192900000000081e-01,-3.674860999999999822e-01,-5.249170227823302115e-01,3.424514229999999770e-01
-6.941176650000000503e-01,2.344562860000000137e-01,-1.865458339999999937e-01,-2.871379550000000003e-01,-5.134204063544203223e-01,2.710726999999999998e-01
-7.045536639999999684e-01,2.180360410000000138e-01,-1.288366619999999907e-01,-1.951937820000000101e-01,-5.006869012655609241e-01,1.907148660000000107e-01
-7.085266000000000064e-01,2.117762860000000080e-01,-9.889214490000000635e-02,-1.491761799999999916e-01,-4.945272433815205426e-01,1.477289999999999992e-01
-7.113684000000000118e-01,2.072745109999999946e-01,-7.451344000000000023e-02,-1.124797540000000012e-01,-4.898748675474656755e-01,1.125228330000000027e-01
-7.134268000000000276e-01,2.039817869999999977e-01,-5.474597590000000041e-02,-8.294783999999999491e-02,-4.864388570476861906e-01,8.397672000000000470e-02
-7.164776000000000478e-01,1.987116339999999981e-01,-9.013915000000000122e-02,-1.512186080000000044e-01,-4.787027724046838961e-01,2.275102139999999884e-01
-7.214279000000000108e-01,1.899506599999999934e-01,-1.266467420000000066e-01,-2.263089420000000129e-01,-4.587210475773152440e-01,3.959894780000000059e-01
-7.268343000000000442e-01,1.800917539999999928e-01,-1.438303290000000068e-01,-2.655068640000000091e-01,-4.407012944860032033e-01,4.816827180000000097e-01
-7.268343000000000442e-01,1.800917539999999928e-01,-1.438303290000000068e-01,-2.655068640000000091e-01,-4.407012944860032033e-01,4.816827180000000097e-01
-7.388325000000000031e-01,1.571500600000000081e-01,-1.643802370000000124e-01,-3.252990250000000194e-01,-3.964221814071641758e-01,6.072248000000000090e-01
-7.458418610000000504e-01,1.429997530000000072e-01,-1.689205910000000088e-01,-3.481973999999999902e-01,-3.711724839199404546e-01,6.527929310000000207e-01
-7.521791460000000207e-01,1.296726320000000099e-01,-1.703314629999999885e-01,-3.675927520000000226e-01,-3.443633731433032863e-01,6.897585389999999483e-01
-7.521791460000000207e-01,1.296726320000000099e-01,-1.703314629999999885e-01,-3.675927520000000226e-01,-3.443633731433032863e-01,6.897585389999999483e-01
-7.648055999999999743e-01,1.011802410000000041e-01,-1.675381210000000121e-01,-3.914923670000000078e-01,-3.018543956811172158e-01,7.325706480000000465e-01
-7.713910999999999962e-01,8.506447999999999787e-02,-1.629485189999999861e-01,-4.046625200000000255e-01,-2.723154782532888341e-01,7.545203000000000326e-01
-7.796446000000000209e-01,6.322853000000000501e-02,-1.522392330000000016e-01,-4.199197290000000193e-01,-2.266933814389299751e-01,7.766697000000000184e-01
-7.796446000000000209e-01,6.322853000000000501e-02,-1.522392330000000016e-01,-4.199197290000000193e-01,-2.266933814389299751e-01,7.766697000000000184e-01
-7.895592449999999651e-01,3.400986999999999760e-02,-1.405914129999999984e-01,-4.315363170000000026e-01,-1.800973001448371580e-01,7.933603000000000183e-01
-7.956055400000000555e-01,1.418774299999999919e-02,-1.287106279999999936e-01,-4.457878169999999751e-01,-1.326111576554279692e-01,8.130026000000000197e-01
-8.009279999999999733e-01,-5.017630000000000354e-03,-1.187660839999999940e-01,-4.582112729999999745e-01,-1.002168231028069123e-01,8.276273610000000058e-01
-8.009279999999999733e-01,-5.017630000000000354e-03,-1.187660839999999940e-01,-4.582112729999999745e-01,-1.002168231028069123e-01,8.276273610000000058e-01
-8.084761000000000308e-01,-3.556017210000000234e-02,-9.144405999999999368e-02,-3.757282200000000016e-01,-5.639023480363478807e-02,6.550238999999999923e-01
-8.114746999999999932e-01,-4.772811379999999937e-02,-7.452037000000000244e-02,-3.026533719999999761e-01,-3.507323239299258572e-02,5.096736549999999477e-01
-8.138433999999999946e-01,-5.729820580000000163e-02,-5.696255000000000068e-02,-2.406998870000000013e-01,-1.874335891974021270e-02,3.912420569999999764e-01
-8.164487000000000272e-01,-6.837708000000000674e-02,-4.044490679999999949e-02,-1.910280729999999927e-01,-6.371979613553206342e-03,2.939643259999999980e-01
-8.178924319999999470e-01,-7.597837600000000025e-02,-1.878521220000000172e-02,-1.363775730000000019e-01,6.148166636245147761e-03,1.858268680000000062e-01
-8.185542000000000096e-01,-8.086704999999999588e-02,-8.480058999999999861e-03,-1.065897489999999975e-01,1.138652804001100659e-02,1.295477299999999998e-01
-8.188340659999999716e-01,-8.486198000000000352e-02,-2.634689209999999983e-03,-8.581091459999999616e-02,1.477595744738440312e-02,8.283081000000000471e-02
-8.189172000000000118e-01,-8.812920000000000476e-02,-1.379216900000000039e-03,-6.476812999999999321e-02,1.677959542867393794e-02,5.472089000000000120e-02
-8.189469579999999471e-01,-9.357279540000000562e-02,-4.967112329999999855e-04,-1.501278430000000108e-01,2.331759880664446491e-02,1.992274820000000113e-01
-8.189413549999999820e-01,-1.014365629999999935e-01,2.468172690000000093e-03,-2.180860490000000040e-01,3.458860350346595197e-02,3.217195569999999893e-01
-8.189413549999999820e-01,-1.014365629999999935e-01,2.468172690000000093e-03,-2.180860490000000040e-01,3.458860350346595197e-02,3.217195569999999893e-01
-8.187257000000000007e-01,-1.120894999999999947e-01,7.453975730000000390e-03,-2.746323999999999987e-01,5.008340970986890905e-02,4.236723179999999922e-01
-8.176375999999999644e-01,-1.372919380000000023e-01,1.994178439999999899e-02,-3.577211000000000141e-01,9.121090670922364640e-02,5.745292309999999736e-01
-8.167573999999999668e-01,-1.515438110000000005e-01,2.864063530000000163e-02,-3.887396450000000225e-01,1.154954179214723320e-01,6.294461999999999557e-01
-8.152901000000000176e-01,-1.687401000000000040e-01,3.814857449999999733e-02,-4.122357999999999856e-01,1.416098544945606219e-01,6.703405999999999532e-01
-8.152901000000000176e-01,-1.687401000000000040e-01,3.814857449999999733e-02,-4.122357999999999856e-01,1.416098544945606219e-01,6.703405999999999532e-01
-8.122743000000000047e-01,-1.956936119999999890e-01,5.331278589999999956e-02,-4.363962410000000181e-01,1.832606361102485926e-01,7.163771389999999961e-01
-8.100325999999999915e-01,-2.116121800000000108e-01,6.693511000000000599e-02,-4.478298000000000001e-01,2.122976090625074697e-01,7.385426000000000490e-01
-8.071829999999999838e-01,-2.291821089999999950e-01,7.579654460000000149e-02,-4.532351000000000019e-01,2.421724273221870227e-01,7.598437000000000108e-01
-8.041488530000000523e-01,-2.465888709999999873e-01,6.998071000000000152e-02,-4.079182740000000251e-01,2.707689140778285486e-01,6.832545399999999658e-01
-8.007147310000000129e-01,-2.663119440000000226e-01,5.036279999999999923e-02,-2.898768999999999929e-01,3.022831724637837780e-01,4.695203000000000015e-01
-7.987475000000000547e-01,-2.772406640000000255e-01,4.108089580000000296e-02,-2.283940459999999895e-01,3.172756903647555027e-01,3.588184710000000277e-01
-7.973145000000000371e-01,-2.848442789999999780e-01,3.366960210000000120e-02,-1.778385640000000045e-01,3.284552572620647037e-01,2.677652999999999839e-01
-7.973145000000000371e-01,-2.848442789999999780e-01,3.366960210000000120e-02,-1.778385640000000045e-01,3.284552572620647037e-01,2.677652999999999839e-01
-7.953094000000000552e-01,-2.946579460000000039e-01,2.464531359999999963e-02,-1.190395499999999940e-01,3.395162813965791337e-01,1.618141379999999963e-01
-7.944046000000000163e-01,-2.986184359999999871e-01,1.985614000000000129e-02,-8.886877449999999734e-02,3.439163611606114168e-01,1.078192290000000025e-01
-7.934111360000000168e-01,-3.022174839999999807e-01,3.166147319999999821e-02,-1.135395319999999986e-01,3.483910013902901670e-01,1.587294999999999956e-01
-7.913815379999999955e-01,-3.085529510000000197e-01,5.654060000000000336e-02,-1.775042559999999991e-01,3.582122134373570410e-01,2.855927650000000262e-01
-7.868250610000000478e-01,-3.221563700000000252e-01,8.404445000000000665e-02,-2.518839840000000052e-01,3.807388290269976272e-01,4.300521609999999884e-01
-7.829679999999999973e-01,-3.334435219999999922e-01,9.730827999999999700e-02,-2.899642590000000020e-01,3.997942814403938061e-01,5.041044999999999554e-01
-7.787323999999999913e-01,-3.455703560000000230e-01,1.157357839999999943e-01,-3.177150999999999725e-01,4.213538973579668556e-01,5.641317369999999665e-01
-7.787323999999999913e-01,-3.455703560000000230e-01,1.157357839999999943e-01,-3.177150999999999725e-01,4.213538973579668556e-01,5.641317369999999665e-01
-7.707730529999999858e-01,-3.658932449999999781e-01,1.458045839999999871e-01,-3.550428150000000116e-01,4.575646273215288051e-01,6.370879409999999909e-01
-7.642750999999999850e-01,-3.808945000000000247e-01,1.673650150000000059e-01,-3.736673999999999829e-01,4.837557536619495613e-01,6.754169460000000180e-01
-7.560323479999999652e-01,-3.984399439999999903e-01,1.946169000000000093e-01,-3.932723000000000191e-01,5.253340866603866122e-01,7.146756650000000155e-01
-7.489199640000000491e-01,-4.127272670000000088e-01,1.376167000000000085e-01,-2.718559500000000129e-01,5.576925608055320893e-01,8.149655460000000406e-01
-7.435530000000000195e-01,-4.236411449999999967e-01,6.664364000000000399e-02,-1.345859620000000034e-01,5.898284007512918370e-01,8.088411690000000265e-01
-7.425184999999999702e-01,-4.265935419999999922e-01,-3.056509229999999910e-02,1.690578829999999852e-02,6.378542418059848229e-01,7.559519409999999606e-01
-7.448374629999999774e-01,-4.244053360000000219e-01,-7.874461000000000654e-02,9.336640000000000217e-02,6.650493862519066823e-01,7.293509000000000242e-01
-7.448374629999999774e-01,-4.244053360000000219e-01,-7.874461000000000654e-02,9.336640000000000217e-02,6.650493862519066823e-01,7.293509000000000242e-01
-7.521503569999999916e-01,-4.156902000000000097e-01,-1.381385619999999925e-01,1.757998169999999971e-01,7.094711049479389686e-01,7.617888999999999911e-01
-7.581965999999999983e-01,-4.079055790000000181e-01,-1.707356419999999930e-01,2.194126550000000120e-01,7.399438555560595709e-01,7.718585999999999503e-01
-7.648998500000000478e-01,-3.992639000000000049e-01,-1.665403689999999937e-01,2.143506259999999886e-01,7.726410806557235667e-01,8.770985999999999505e-01
-7.706104999999999761e-01,-3.917561469999999990e-01,-1.305756120000000076e-01,1.798953000000000080e-01,8.126218090700557672e-01,1.050524709999999917e+00
-7.763967999999999980e-01,-3.834161759999999974e-01,-8.619187999999999850e-02,1.398615689999999911e-01,8.833098079840983052e-01,1.246764180000000000e+00
-7.794108389999999664e-01,-3.784307539999999803e-01,-7.505647000000000013e-02,1.285062130000000080e-01,9.091344849947698981e-01,1.299655559999999932e+00
-7.794108389999999664e-01,-3.784307539999999803e-01,-7.505647000000000013e-02,1.285062130000000080e-01,9.091344849947698981e-01,1.299655559999999932e+00
-7.827401999999999971e-01,-3.723664580000000113e-01,-5.293179299999999782e-02,9.790625000000000022e-02,9.919295013173395903e-01,1.433503629999999918e+00
-7.858261469999999749e-01,-3.666478400000000026e-01,-3.879980999999999708e-02,6.507047000000000525e-02,1.112032745543710455e+00,1.496558669999999980e+00
-7.886125999999999969e-01,-3.633959589999999906e-01,-1.128203120000000059e-01,9.991738000000000008e-02,1.166510370711324907e+00,1.368517399999999995e+00
-7.942666999999999922e-01,-3.589643000000000139e-01,-1.776856780000000136e-01,1.224652080000000060e-01,1.217639860961668985e+00,1.264629130000000101e+00
-8.016828299999999574e-01,-3.542057279999999975e-01,-2.349410799999999966e-01,1.342190360000000138e-01,1.265307246294586685e+00,1.184271569999999940e+00
-8.137488999999999972e-01,-3.476809260000000013e-01,-2.832643000000000244e-01,1.435146330000000026e-01,1.310272059093961605e+00,1.119852190000000025e+00
-8.264702560000000142e-01,-3.416306379999999865e-01,-3.241493400000000080e-01,1.466871999999999898e-01,1.353010652072540010e+00,1.066386700000000021e+00
-8.264702560000000142e-01,-3.416306379999999865e-01,-3.241493400000000080e-01,1.466871999999999898e-01,1.353010652072540010e+00,1.066386700000000021e+00
-8.411129000000000522e-01,-3.348856000000000055e-01,-2.392591689999999938e-01,1.097260490000000061e-01,1.424474275306168769e+00,1.261560999999999932e+00
-8.527141999999999777e-01,-3.291055999999999981e-01,-8.148871000000000586e-02,7.011436000000000057e-02,1.499858763251111560e+00,1.223412509999999953e+00
-8.539482360000000272e-01,-3.266777399999999942e-01,2.998632000000000034e-02,5.722917999999999755e-02,1.546132258830216655e+00,1.093350169999999899e+00
-8.512615999999999516e-01,-3.245490489999999784e-01,6.978054000000000201e-02,4.824235290000000037e-02,1.585099631627548078e+00,9.569146630000000542e-01
-8.489297630000000039e-01,-3.229105469999999922e-01,5.755576490000000045e-02,3.917326410000000064e-02,1.614788013816529144e+00,7.093120000000000536e-01
-8.464967610000000420e-01,-3.213644620000000174e-01,4.891348999999999697e-02,3.259238999999999886e-02,1.635966013493153737e+00,5.059523000000000215e-01
-8.446426999999999685e-01,-3.202454750000000017e-01,4.234130679999999897e-02,2.806420999999999916e-02,1.650165174529338863e+00,3.403523560000000225e-01
-8.446426999999999685e-01,-3.202454750000000017e-01,4.234130679999999897e-02,2.806420999999999916e-02,1.650165174529338863e+00,3.403523560000000225e-01
-8.428684469999999651e-01,-3.192147610000000135e-01,3.035078000000000081e-02,2.213337270000000079e-02,1.664560370947107293e+00,2.109347880000000119e-01
-8.428684469999999651e-01,-3.192147610000000135e-01,3.035078000000000081e-02,2.213337270000000079e-02,1.664560370947107293e+00,2.109347880000000119e-01
-8.406200999999999812e-01,-3.175125719999999929e-01,3.054536689999999902e-02,2.451568839999999916e-02,1.671285909953205362e+00,9.601964000000000332e-02
-8.392533660000000006e-01,-3.166741430000000190e-01,8.145998999999999601e-02,2.329735269999999928e-02,1.676172814405496370e+00,1.333856579999999903e-01
-8.347162599999999877e-01,-3.157374000000000014e-01,2.154762739999999954e-01,3.302420679999999720e-02,1.683420346484280739e+00,1.788085249999999959e-01
-8.132026999999999450e-01,-3.129046560000000032e-01,4.177192149999999771e-01,5.148429420000000256e-02,1.692339799266720624e+00,1.327810289999999949e-01
-7.935000660000000039e-01,-3.104568719999999948e-01,5.224501999999999757e-01,6.547271459999999543e-02,1.697006320994361994e+00,1.057973209999999997e-01
-7.697724999999999707e-01,-3.074385000000000034e-01,6.079503000000000545e-01,7.563975450000000322e-02,1.700729108288865810e+00,8.281114000000000530e-02
-7.697724999999999707e-01,-3.074385000000000034e-01,6.079503000000000545e-01,7.563975450000000322e-02,1.700729108288865810e+00,8.281114000000000530e-02
-7.213237000000000121e-01,-3.013055000000000039e-01,7.345707000000000209e-01,8.955171000000000658e-02,1.705818488387681908e+00,4.521710999999999786e-02
-6.912871600000000116e-01,-2.975585459999999793e-01,7.292617999999999601e-01,8.877306999999999559e-02,1.705486230057980279e+00,-6.006546320000000216e-02
-6.619705000000000172e-01,-2.938752470000000061e-01,7.750677000000000261e-01,1.005768699999999988e-01,1.703264094307633592e+00,-5.376121770000000244e-02
-6.225430370000000213e-01,-2.886179999999999857e-01,7.607270999999999894e-01,1.036130039999999947e-01,1.699324118241011039e+00,-1.436760719999999880e-01
-6.225430370000000213e-01,-2.886179999999999857e-01,7.607270999999999894e-01,1.036130039999999947e-01,1.699324118241011039e+00,-1.436760719999999880e-01
-5.835892999999999775e-01,-2.831812000000000218e-01,6.793196999999999708e-01,9.521427000000000362e-02,1.681318045040375964e+00,-3.733110430000000091e-01
-5.583350999999999731e-01,-2.798629999999999729e-01,6.386283640000000039e-01,8.531413999999999664e-02,1.663013066752045077e+00,-4.785903690000000155e-01
-5.310698000000000363e-01,-2.765265410000000146e-01,6.092206999999999484e-01,7.454207999999999668e-02,1.641239072042448788e+00,-5.622148510000000154e-01
-5.310698000000000363e-01,-2.765265410000000146e-01,6.092206999999999484e-01,7.454207999999999668e-02,1.641239072042448788e+00,-5.622148510000000154e-01
-4.833937999999999846e-01,-2.715625999999999873e-01,5.766209359999999728e-01,5.656931999999999933e-02,1.591449680498371766e+00,-6.580793000000000337e-01
-4.579242170000000223e-01,-2.694466999999999834e-01,5.586853619999999632e-01,4.388516769999999817e-02,1.550428334424123200e+00,-7.061804999999999888e-01
-4.376322630000000213e-01,-2.680336240000000259e-01,5.527045999999999903e-01,3.932294000000000067e-02,1.536175225260759003e+00,-7.202165999999999846e-01
-4.031012359999999739e-01,-2.664716999999999780e-01,5.369275000000000020e-01,1.597457190000000152e-02,1.477121765673435005e+00,-7.607016559999999483e-01
-3.806071580000000010e-01,-2.660386260000000003e-01,5.331344599999999767e-01,4.338973000000000309e-03,1.446535865369908525e+00,-7.776589999999999892e-01
-3.572579619999999845e-01,-2.661286999999999958e-01,5.240253000000000272e-01,-7.423596460000000084e-03,1.415356675293751421e+00,-7.962297999999999876e-01
-3.572579619999999845e-01,-2.661286999999999958e-01,5.240253000000000272e-01,-7.423596460000000084e-03,1.415356675293751421e+00,-7.962297999999999876e-01
-3.165469000000000199e-01,-2.680424149999999783e-01,5.170966390000000246e-01,-4.129513729999999966e-02,1.351556792805628460e+00,-8.166240000000000165e-01
-2.956052419999999903e-01,-2.700389619999999935e-01,5.117945999999999884e-01,-5.545148250000000306e-02,1.319179189851881651e+00,-8.216023449999999562e-01
-2.771521510000000132e-01,-2.723142800000000197e-01,5.045947429999999567e-01,-6.967347999999999597e-02,1.286670058885704515e+00,-8.222717640000000161e-01
-2.771521510000000132e-01,-2.723142800000000197e-01,5.045947429999999567e-01,-6.967347999999999597e-02,1.286670058885704515e+00,-8.222717640000000161e-01
-2.411498129999999906e-01,-2.782063479999999922e-01,3.608209789999999861e-01,-7.028492000000000073e-02,1.232035842777601697e+00,-5.708910999999999847e-01
-2.274039240000000073e-01,-2.810629310000000158e-01,2.886070310000000139e-01,-6.490872000000000308e-02,1.213542857622245119e+00,-4.406930510000000023e-01
-2.162027810000000105e-01,-2.837625999999999760e-01,2.299541679999999866e-01,-6.026102600000000226e-02,1.199494685019649731e+00,-3.347011799999999870e-01
-2.076545999999999947e-01,-2.861774000000000262e-01,1.823457179999999900e-01,-5.613727999999999774e-02,1.189065208274970420e+00,-2.484100310000000034e-01
-2.076545999999999947e-01,-2.861774000000000262e-01,1.823457179999999900e-01,-5.613727999999999774e-02,1.189065208274970420e+00,-2.484100310000000034e-01
-1.981327240000000101e-01,-2.894922489999999793e-01,1.276763999999999954e-01,-5.103296410000000144e-02,1.178790734221159875e+00,-1.483048349999999960e-01
-1.930478509999999925e-01,-2.917255759999999865e-01,9.815189000000000552e-02,-4.327495399999999742e-02,1.174716542335059843e+00,-1.009500249999999988e-01
-1.895701290000000039e-01,-2.933761999999999759e-01,7.310648999999999620e-02,-3.448698299999999883e-02,1.171903804619130796e+00,-6.794087590000000287e-02
-1.837398409999999871e-01,-2.961676719999999929e-01,7.841533000000000531e-02,-3.492473439999999735e-02,1.174174949214872754e+00,2.201288750000000155e-02
-1.814850000000000074e-01,-2.972332240000000181e-01,5.636657999999999946e-02,-2.658627740000000031e-02,1.174783213912485191e+00,2.089801430000000002e-02
-1.777878699999999867e-01,-2.989194000000000018e-01,1.358807089999999884e-01,-5.658868000000000231e-02,1.181078267458578468e+00,1.813351510000000000e-01
-1.713028249999999919e-01,-3.016661409999999988e-01,1.959641000000000022e-01,-8.166695999999999678e-02,1.191911054886809485e+00,3.122747000000000162e-01
-1.602785999999999933e-01,-3.060769440000000174e-01,2.474132179999999903e-01,-9.831631999999999871e-02,1.207163522126572630e+00,4.152626999999999846e-01
-1.602785999999999933e-01,-3.060769440000000174e-01,2.474132179999999903e-01,-9.831631999999999871e-02,1.207163522126572630e+00,4.152626999999999846e-01
-1.456189159999999871e-01,-3.117529150000000193e-01,3.053603169999999922e-01,-1.173265279999999994e-01,1.236409812416024545e+00,5.343619590000000530e-01
-1.340183620000000020e-01,-3.161453000000000180e-01,2.430886180000000063e-01,-9.348989000000000604e-02,1.253676162719786324e+00,4.134098290000000064e-01
-1.340183620000000020e-01,-3.161453000000000180e-01,2.430886180000000063e-01,-9.348989000000000604e-02,1.253676162719786324e+00,4.134098290000000064e-01
-1.191919149999999955e-01,-3.218698999999999866e-01,1.487085999999999963e-01,-6.304054000000000602e-02,1.276462692741633598e+00,2.332943680000000020e-01
-1.141294689999999973e-01,-3.239864000000000077e-01,1.148205330000000024e-01,-4.729756000000000238e-02,1.283338853662178369e+00,1.667196599999999918e-01
-1.098538339999999974e-01,-3.257352709999999929e-01,8.728674999999999629e-02,-3.319927000000000294e-02,1.287920342948663421e+00,1.123980430000000030e-01
-1.050813790000000025e-01,-3.274347000000000230e-01,5.359624999999999806e-02,-1.715621349999999976e-02,1.291445105186236120e+00,5.097009999999999735e-02
-1.050813790000000025e-01,-3.274347000000000230e-01,5.359624999999999806e-02,-1.715621349999999976e-02,1.291445105186236120e+00,5.097009999999999735e-02
-1.005696650000000025e-01,-3.287117480000000258e-01,1.297736760000000045e-01,-3.619748999999999883e-02,1.297708149393848043e+00,1.844347269999999928e-01
-9.044760999999999773e-02,-3.313462730000000245e-01,2.244937720000000081e-01,-5.580602590000000029e-02,1.315309794900210383e+00,3.540913159999999893e-01
-7.981109620000000071e-02,-3.338985440000000193e-01,1.542252149999999988e-01,-3.969488999999999657e-02,1.330477997643687793e+00,2.242625649999999971e-01
-7.406698999999999922e-02,-3.353927429999999932e-01,1.165319679999999997e-01,-3.546764000000000167e-02,1.337021376635754821e+00,1.598770170000000101e-01
-6.981660000000000643e-02,-3.366993999999999820e-01,8.537617999999999596e-02,-3.209727259999999721e-02,1.341366600701397571e+00,1.087893320000000025e-01
-6.981660000000000643e-02,-3.366993999999999820e-01,8.537617999999999596e-02,-3.209727259999999721e-02,1.341366600701397571e+00,1.087893320000000025e-01
-6.539696459999999600e-02,-3.384270670000000258e-01,4.835834729999999998e-02,-2.502250859999999993e-02,1.344824447015448898e+00,5.234300000000000064e-02
-6.405044999999999489e-02,-3.391853000000000229e-01,-1.846638000000000099e-02,-9.101201999999999209e-03,1.347704379907579630e+00,1.167062219999999984e-01
-6.707229000000000663e-02,-3.389827309999999816e-01,-1.172973660000000001e-01,1.393071379999999936e-02,1.356151930566864117e+00,2.551857229999999754e-01
-7.444001000000000090e-02,-3.378160299999999894e-01,-1.956037429999999966e-01,3.718313570000000151e-02,1.369352693457738246e+00,3.686350580000000154e-01
-7.444001000000000090e-02,-3.378160299999999894e-01,-1.956037429999999966e-01,3.718313570000000151e-02,1.369352693457738246e+00,3.686350580000000154e-01
-9.122948999999999642e-02,-3.342403769999999774e-01,-2.851278480000000171e-01,6.595790390000000336e-02,1.409819373895703665e+00,8.732682470000000530e-01
-1.074148189999999947e-01,-3.305346370000000200e-01,-4.056172670000000036e-01,9.311811999999999867e-02,1.467609494357263511e+00,9.781746999999999526e-01
-1.234782259999999965e-01,-3.268826000000000231e-01,-4.263148609999999894e-01,9.156172999999999396e-02,1.505459402647712830e+00,9.508771000000000306e-01
-1.472455000000000014e-01,-3.215440210000000132e-01,-3.101924360000000158e-01,7.679073509999999325e-02,1.549768599966869331e+00,6.574060000000000459e-01
-1.590363379999999993e-01,-3.185435999999999823e-01,-2.504513259999999741e-01,6.629472000000000143e-02,1.571107379374187207e+00,5.084079000000000237e-01
-1.706165000000000043e-01,-3.153691290000000258e-01,-2.010852099999999865e-01,5.451996619999999877e-02,1.587378228779196210e+00,3.868968190000000029e-01
-1.706165000000000043e-01,-3.153691290000000258e-01,-2.010852099999999865e-01,5.451996619999999877e-02,1.587378228779196210e+00,3.868968190000000029e-01
-1.819696869999999911e-01,-3.122044210000000097e-01,-1.274137200000000081e-01,3.790610660000000298e-02,1.608165571409347017e+00,2.088754999999999917e-01
-1.866591270000000080e-01,-3.107899430000000129e-01,-1.033564430000000062e-01,3.126290439999999948e-02,1.614190447987231991e+00,1.490650769999999903e-01
-1.885397289999999892e-01,-3.094799999999999773e-01,1.700130110000000125e-02,3.322078660000000322e-02,1.623786844173349619e+00,2.801367639999999826e-01
-1.885397289999999892e-01,-3.094799999999999773e-01,1.700130110000000125e-02,3.322078660000000322e-02,1.623786844173349619e+00,2.801367639999999826e-01
-1.851626630000000051e-01,-3.071460999999999775e-01,5.652312000000000308e-02,3.862374650000000020e-02,1.638872580109669963e+00,2.231594769999999950e-01
-1.829167309999999991e-01,-3.057313260000000255e-01,5.104092510000000221e-02,3.206032000000000326e-02,1.645513435740461050e+00,1.579939720000000103e-01
-1.811623280000000114e-01,-3.047512170000000187e-01,4.636789000000000188e-02,2.482169489999999992e-02,1.649938281726578859e+00,1.055019870000000054e-01
-1.795633440000000136e-01,-3.040032389999999807e-01,4.228871690000000211e-02,1.563637329999999909e-02,1.652596924322849770e+00,6.568873999999999547e-02
-1.750943209999999972e-01,-3.032511769999999829e-01,1.223741920000000066e-01,1.437095270000000001e-02,1.648980095967234716e+00,-1.182483879999999959e-01
-1.673331259999999987e-01,-3.025960999999999790e-01,2.351788730000000105e-01,1.868478999999999973e-02,1.634057059623784891e+00,-3.107879000000000058e-01
-1.565050480000000077e-01,-3.018372650000000212e-01,2.891040000000000276e-01,1.654536649999999859e-02,1.618955860070292241e+00,-4.125183000000000044e-01
-1.565050480000000077e-01,-3.018372650000000212e-01,2.891040000000000276e-01,1.654536649999999859e-02,1.618955860070292241e+00,-4.125183000000000044e-01
-1.375727999999999951e-01,-3.010085229999999723e-01,2.529555259999999861e-01,6.833057380000000236e-03,1.595641490122763795e+00,-3.493137660000000255e-01
-1.290418650000000056e-01,-3.008539680000000271e-01,2.057806399999999869e-01,2.888668789999999931e-03,1.584816556676166721e+00,-2.640747999999999984e-01
-1.217625509999999966e-01,-3.008149560000000222e-01,1.675248739999999903e-01,2.648984000000000115e-05,1.576879514823090522e+00,-1.945569809999999900e-01
-1.157041040000000021e-01,-3.008804620000000152e-01,1.361993400000000021e-01,-2.848092229999999933e-03,1.571325754970195998e+00,-1.379259230000000058e-01
-1.078745569999999959e-01,-3.011732400000000087e-01,9.331625999999999810e-02,-3.168054000000000009e-03,1.566193893557388028e+00,-8.090263609999999439e-02
-1.049795230000000051e-01,-3.012920620000000271e-01,6.752827000000000135e-02,1.268289749999999957e-03,1.563912748225030569e+00,-5.939769000000000299e-02
-1.028700169999999942e-01,-3.012796340000000184e-01,4.729529999999999845e-02,1.318507000000000012e-03,1.562480880106694281e+00,-4.082189499999999693e-02
-1.028700169999999942e-01,-3.012796340000000184e-01,4.729529999999999845e-02,1.318507000000000012e-03,1.562480880106694281e+00,-4.082189499999999693e-02
-1.009330229999999967e-01,-3.013005260000000129e-01,1.455884049999999971e-02,3.886816559999999900e-03,1.561081824178296218e+00,-1.456721870000000051e-02
-1.006816479999999986e-01,-3.012202999999999964e-01,1.998039999999999972e-03,3.404891000000000167e-03,1.561092296153808290e+00,-3.748200369999999965e-03
-1.008852719999999981e-01,-3.011648359999999913e-01,-3.143152690000000030e-03,6.184915550000000435e-04,1.561360745246057613e+00,6.077943999999999621e-04
-1.008852719999999981e-01,-3.011648359999999913e-01,-3.143152690000000030e-03,6.184915550000000435e-04,1.561360745246057613e+00,6.077943999999999621e-04
-9.548665000000000624e-02,-3.012245599999999746e-01,1.741092210000000085e-01,4.489407999999999962e-04,1.546865698541781686e+00,-2.864256499999999761e-01
-8.880308000000000646e-02,-3.012312349999999861e-01,1.405189340000000120e-01,-1.237044340000000074e-04,1.538179002868388379e+00,-2.107089610000000002e-01
-8.377368000000000314e-02,-3.013100000000000223e-01,1.256726999999999983e-01,-8.547220999999999866e-05,1.534837796908247842e+00,-1.779051869999999924e-01
-8.377368000000000314e-02,-3.013100000000000223e-01,1.256726999999999983e-01,-8.547220999999999866e-05,1.534837796908247842e+00,-1.779051869999999924e-01
-7.715650999999999760e-02,-3.014409840000000229e-01,7.818659000000000026e-02,1.178348089999999926e-03,1.526854172217435579e+00,-7.640610000000000457e-02
-7.414321599999999790e-02,-3.015034790000000187e-01,5.460738760000000136e-02,1.229153599999999961e-03,1.525197854757292859e+00,-4.658429320000000151e-02
-7.232001420000000458e-02,-3.015264269999999858e-01,3.436519209999999713e-02,2.330920660000000179e-03,1.524206978981057947e+00,-2.834566120000000036e-02
-7.232001420000000458e-02,-3.015264269999999858e-01,3.436519209999999713e-02,2.330920660000000179e-03,1.524206978981057947e+00,-2.834566120000000036e-02
-7.124514999999999321e-02,-3.014945390000000058e-01,-2.170230730000000108e-03,6.950723470000000521e-04,1.523689890283569381e+00,-3.255044580000000191e-03
-7.147085999999999717e-02,-3.015242220000000084e-01,-5.249756389999999696e-03,4.966906269999999914e-05,1.523817630931522782e+00,-1.466448300000000073e-03
-7.183203000000000504e-02,-3.015836179999999977e-01,-4.438822999999999727e-03,-9.554754000000000372e-04,1.523975827574924002e+00,-1.628298549999999999e-03
-7.202537999999999996e-02,-3.016515670000000093e-01,-1.383507620000000091e-03,-7.504654349999999611e-04,1.524012043156902640e+00,-1.253070540000000019e-03
-7.206984610000000124e-02,-3.016871210000000025e-01,-3.485288180000000054e-04,2.105732710000000061e-04,1.524052517342256330e+00,-6.301299440000000199e-04
-7.207381999999999678e-02,-3.016898000000000080e-01,-3.959121239999999924e-04,2.551465299999999825e-04,1.524066375256517114e+00,-7.459791999999999812e-04
-7.207808000000000270e-02,-3.016904289999999822e-01,-3.958068260000000178e-04,2.735331650000000030e-04,1.524065136072748405e+00,-7.569262529999999612e-04
-7.207808000000000270e-02,-3.016904289999999822e-01,-3.958068260000000178e-04,2.735331650000000030e-04,1.524065136072748405e+00,-7.569262529999999612e-04
-7.208162999999999376e-02,-3.016901000000000166e-01,-3.609112749999999863e-04,2.802562670000000120e-04,1.524065834204449299e+00,-7.239257680000000129e-04
-7.208216000000000623e-02,-3.016897740000000216e-01,-3.567165399999999882e-04,2.766918330000000029e-04,1.524066375256517114e+00,-7.216866000000000166e-04
-7.208230000000000193e-02,-3.016897000000000051e-01,0.000000000000000000e+00,0.000000000000000000e+00,1.524066375256517114e+00,-0.000000000000000000e+00
-7.208230000000000193e-02,-3.016897000000000051e-01,0.000000000000000000e+00,0.000000000000000000e+00,1.524066375256517114e+00,-0.000000000000000000e+00
-7.208230000000000193e-02,-3.016897000000000051e-01,0.000000000000000000e+00,0.000000000000000000e+00,1.524066375256517114e+00,-0.000000000000000000e+00
-7.208230000000000193e-02,-3.016897000000000051e-01,0.000000000000000000e+00,0.000000000000000000e+00,1.524066375256517114e+00,-0.000000000000000000e+00
-7.208230000000000193e-02,-3.016897000000000051e-01,0.000000000000000000e+00,0.000000000000000000e+00,1.524066375256517114e+00,-0.000000000000000000e+00
-7.208230000000000193e-02,-3.016897000000000051e-01,0.000000000000000000e+00,0.000000000000000000e+00,1.524066375256517114e+00,-0.000000000000000000e+00
-7.208230000000000193e-02,-3.016897000000000051e-01,0.000000000000000000e+00,0.000000000000000000e+00,1.524066375256517114e+00,-0.000000000000000000e+00
-7.208230000000000193e-02,-3.016897000000000051e-01,0.000000000000000000e+00,0.000000000000000000e+00,1.524066375256517114e+00,-0.000000000000000000e+00
-7.208230000000000193e-02,-3.016897000000000051e-01,0.000000000000000000e+00,0.000000000000000000e+00,1.524066375256517114e+00,-0.000000000000000000e+00
-7.208230000000000193e-02,-3.016897000000000051e-01,0.000000000000000000e+00,0.000000000000000000e+00,1.524066375256517114e+00,-0.000000000000000000e+00
-7.208230000000000193e-02,-3.016897000000000051e-01,0.000000000000000000e+00,0.000000000000000000e+00,1.524066375256517114e+00,-0.000000000000000000e+00
-7.208230000000000193e-02,-3.016897000000000051e-01,0.000000000000000000e+00,0.000000000000000000e+00,1.524066375256517114e+00,-0.000000000000000000e+00
-7.208230000000000193e-02,-3.016897000000000051e-01,0.000000000000000000e+00,0.000000000000000000e+00,1.524066375256517114e+00,-0.000000000000000000e+00
-7.162496449999999903e-02,-3.017082509999999829e-01,5.227974430000000006e-02,-7.377198000000000176e-04,1.525993428190228984e+00,7.734784000000000104e-02
-6.814194469999999837e-02,-3.018140790000000129e-01,1.413473490000000110e-01,-7.436469000000000239e-04,1.533194953389930726e+00,2.185499999999999943e-01
-6.105979529999999711e-02,-3.019310000000000049e-01,2.121102509999999997e-01,-6.842645000000000281e-05,1.545153286199479670e+00,3.350481000000000154e-01
-5.183524639999999989e-02,-3.018796999999999731e-01,1.704723089999999885e-01,3.489564169999999875e-03,1.555471428391175026e+00,2.468825000000000047e-01
-5.183524639999999989e-02,-3.018796999999999731e-01,1.704723089999999885e-01,3.489564169999999875e-03,1.555471428391175026e+00,2.468825000000000047e-01
-4.232139509999999910e-02,-3.014719490000000168e-01,1.092471109999999940e-01,5.507683380000000413e-03,1.567381083967886779e+00,1.118682549999999998e-01
-3.796308489999999924e-02,-3.012443000000000204e-01,8.289343999999999879e-02,2.944536739999999847e-03,1.570090061859784836e+00,6.969917000000000473e-02
-3.506314380000000175e-02,-3.011666539999999781e-01,5.573468000000000172e-02,-1.825790620000000003e-03,1.571756257883493380e+00,4.598747999999999725e-02
-3.506314380000000175e-02,-3.011666539999999781e-01,5.573468000000000172e-02,-1.825790620000000003e-03,1.571756257883493380e+00,4.598747999999999725e-02
-3.253193000000000057e-02,-3.013631999999999977e-01,2.339605999999999977e-02,-5.826445999999999882e-03,1.573084453444261177e+00,1.886492409999999953e-02
-3.210193289999999783e-02,-3.015001999999999960e-01,5.456796380000000085e-03,-4.338819530000000320e-03,1.573254431060113312e+00,3.843800159999999876e-03
-3.227000000000000007e-02,-3.015340570000000220e-01,-3.544088999999999833e-03,2.186965999999999823e-03,1.573001951730519155e+00,-8.516012460000000001e-04
-3.270356359999999907e-02,-3.013124469999999833e-01,-1.980087250000000035e-03,2.351886999999999988e-03,1.572855815312249828e+00,3.346665180000000009e-04
-3.286943209999999838e-02,-3.011974689999999955e-01,-5.825719560000000184e-04,-1.402049090000000013e-04,1.572859305970753852e+00,4.250818749999999780e-04
-3.286943209999999838e-02,-3.011974689999999955e-01,-5.825719560000000184e-04,-1.402049090000000013e-04,1.572859305970753852e+00,4.250818749999999780e-04
-3.291766720000000035e-02,-3.012268000000000168e-01,-1.669927440000000117e-04,-1.341193860000000106e-04,1.572861871604754658e+00,3.558682509999999883e-04
-3.291766720000000035e-02,-3.012268000000000168e-01,-1.669927440000000117e-04,-1.341193860000000106e-04,1.572861871604754658e+00,3.558682509999999883e-04
-3.291766720000000035e-02,-3.012268000000000168e-01,-1.669927440000000117e-04,-1.341193860000000106e-04,1.572861871604754658e+00,3.558682509999999883e-04
-3.292632000000000198e-02,-3.012299840000000062e-01,-1.179597380000000056e-04,-7.419581000000000613e-05,1.572861051300005419e+00,3.545177000000000159e-04
-3.292774779999999707e-02,-3.012296999999999891e-01,0.000000000000000000e+00,0.000000000000000000e+00,1.572861051300005419e+00,-0.000000000000000000e+00
-3.292774779999999707e-02,-3.012296999999999891e-01,0.000000000000000000e+00,0.000000000000000000e+00,1.572861051300005419e+00,-0.000000000000000000e+00
-3.292774779999999707e-02,-3.012296999999999891e-01,0.000000000000000000e+00,0.000000000000000000e+00,1.572861051300005419e+00,-0.000000000000000000e+00
-3.292774779999999707e-02,-3.012296999999999891e-01,0.000000000000000000e+00,0.000000000000000000e+00,1.572861051300005419e+00,-0.000000000000000000e+00
-3.292774779999999707e-02,-3.012296999999999891e-01,0.000000000000000000e+00,0.000000000000000000e+00,1.572861051300005419e+00,-0.000000000000000000e+00
-3.292774779999999707e-02,-3.012296999999999891e-01,0.000000000000000000e+00,0.000000000000000000e+00,1.572861051300005419e+00,-0.000000000000000000e+00
-3.292774779999999707e-02,-3.012296999999999891e-01,0.000000000000000000e+00,0.000000000000000000e+00,1.572861051300005419e+00,-0.000000000000000000e+00
-3.292774779999999707e-02,-3.012296999999999891e-01,0.000000000000000000e+00,0.000000000000000000e+00,1.572861051300005419e+00,-0.000000000000000000e+00
-3.292774779999999707e-02,-3.012296999999999891e-01,0.000000000000000000e+00,0.000000000000000000e+00,1.572861051300005419e+00,-0.000000000000000000e+00
-3.292774779999999707e-02,-3.012296999999999891e-01,0.000000000000000000e+00,0.000000000000000000e+00,1.572861051300005419e+00,-0.000000000000000000e+00
-3.292774779999999707e-02,-3.012296999999999891e-01,0.000000000000000000e+00,0.000000000000000000e+00,1.572861051300005419e+00,-0.000000000000000000e+00
-3.292774779999999707e-02,-3.012296999999999891e-01,0.000000000000000000e+00,0.000000000000000000e+00,1.572861051300005419e+00,-0.000000000000000000e+00
-3.292774779999999707e-02,-3.012296999999999891e-01,0.000000000000000000e+00,0.000000000000000000e+00,1.572861051300005419e+00,-0.000000000000000000e+00
-3.292774779999999707e-02,-3.012296999999999891e-01,0.000000000000000000e+00,0.000000000000000000e+00,1.572861051300005419e+00,-0.000000000000000000e+00
-3.292774779999999707e-02,-3.012296999999999891e-01,0.000000000000000000e+00,0.000000000000000000e+00,1.572861051300005419e+00,-0.000000000000000000e+00
-3.292774779999999707e-02,-3.012296999999999891e-01,0.000000000000000000e+00,0.000000000000000000e+00,1.572861051300005419e+00,-0.000000000000000000e+00
-3.292774779999999707e-02,-3.012296999999999891e-01,0.000000000000000000e+00,0.000000000000000000e+00,1.572861051300005419e+00,-0.000000000000000000e+00
-3.292774779999999707e-02,-3.012296999999999891e-01,0.000000000000000000e+00,0.000000000000000000e+00,1.572861051300005419e+00,-0.000000000000000000e+00
-3.292774779999999707e-02,-3.012296999999999891e-01,0.000000000000000000e+00,0.000000000000000000e+00,1.572861051300005419e+00,-0.000000000000000000e+00
-3.292774779999999707e-02,-3.012296999999999891e-01,0.000000000000000000e+00,0.000000000000000000e+00,1.572861051300005419e+00,-0.000000000000000000e+00
-3.292774779999999707e-02,-3.012296999999999891e-01,0.000000000000000000e+00,0.000000000000000000e+00,1.572861051300005419e+00,-0.000000000000000000e+00
-3.292774779999999707e-02,-3.012296999999999891e-01,0.000000000000000000e+00,0.000000000000000000e+00,1.572861051300005419e+00,-0.000000000000000000e+00
-3.292774779999999707e-02,-3.012296999999999891e-01,0.000000000000000000e+00,0.000000000000000000e+00,1.572861051300005419e+00,-0.000000000000000000e+00
-3.292774779999999707e-02,-3.012296999999999891e-01,0.000000000000000000e+00,0.000000000000000000e+00,1.572861051300005419e+00,-0.000000000000000000e+00
-3.292774779999999707e-02,-3.012296999999999891e-01,0.000000000000000000e+00,0.000000000000000000e+00,1.572861051300005419e+00,-0.000000000000000000e+00
-3.292774779999999707e-02,-3.012296999999999891e-01,0.000000000000000000e+00,0.000000000000000000e+00,1.572861051300005419e+00,-0.000000000000000000e+00
-3.292774779999999707e-02,-3.012296999999999891e-01,0.000000000000000000e+00,0.000000000000000000e+00,1.572861051300005419e+00,-0.000000000000000000e+00
-3.292774779999999707e-02,-3.012296999999999891e-01,0.000000000000000000e+00,0.000000000000000000e+00,1.572861051300005419e+00,-0.000000000000000000e+00
-3.292774779999999707e-02,-3.012296999999999891e-01,0.000000000000000000e+00,0.000000000000000000e+00,1.572861051300005419e+00,-0.000000000000000000e+00
-3.292774779999999707e-02,-3.012296999999999891e-01,0.000000000000000000e+00,0.000000000000000000e+00,1.572861051300005419e+00,-0.000000000000000000e+00
-3.292774779999999707e-02,-3.012296999999999891e-01,0.000000000000000000e+00,0.000000000000000000e+00,1.572861051300005419e+00,-0.000000000000000000e+00
-3.292774779999999707e-02,-3.012296999999999891e-01,0.000000000000000000e+00,0.000000000000000000e+00,1.572861051300005419e+00,-0.000000000000000000e+00
-3.292774779999999707e-02,-3.012296999999999891e-01,0.000000000000000000e+00,0.000000000000000000e+00,1.572861051300005419e+00,-0.000000000000000000e+00
-3.292774779999999707e-02,-3.012296999999999891e-01,0.000000000000000000e+00,0.000000000000000000e+00,1.572861051300005419e+00,-0.000000000000000000e+00
-3.292774779999999707e-02,-3.012296999999999891e-01,0.000000000000000000e+00,0.000000000000000000e+00,1.572861051300005419e+00,-0.000000000000000000e+00
-3.292774779999999707e-02,-3.012296999999999891e-01,0.000000000000000000e+00,0.000000000000000000e+00,1.572861051300005419e+00,-0.000000000000000000e+00
-3.292774779999999707e-02,-3.012296999999999891e-01,0.000000000000000000e+00,0.000000000000000000e+00,1.572861051300005419e+00,-0.000000000000000000e+00
-3.292774779999999707e-02,-3.012296999999999891e-01,0.000000000000000000e+00,0.000000000000000000e+00,1.572861051300005419e+00,-0.000000000000000000e+00
-3.292774779999999707e-02,-3.012296999999999891e-01,0.000000000000000000e+00,0.000000000000000000e+00,1.572861051300005419e+00,-0.000000000000000000e+00
-3.292774779999999707e-02,-3.012296999999999891e-01,0.000000000000000000e+00,0.000000000000000000e+00,1.572861051300005419e+00,-0.000000000000000000e+00
-3.292774779999999707e-02,-3.012296999999999891e-01,0.000000000000000000e+00,0.000000000000000000e+00,1.572861051300005419e+00,-0.000000000000000000e+00
-3.292774779999999707e-02,-3.012296999999999891e-01,0.000000000000000000e+00,0.000000000000000000e+00,1.572861051300005419e+00,-0.000000000000000000e+00
-3.292774779999999707e-02,-3.012296999999999891e-01,0.000000000000000000e+00,0.000000000000000000e+00,1.572861051300005419e+00,-0.000000000000000000e+00
-3.292774779999999707e-02,-3.012296999999999891e-01,0.000000000000000000e+00,0.000000000000000000e+00,1.572861051300005419e+00,-0.000000000000000000e+00
-3.292774779999999707e-02,-3.012296999999999891e-01,0.000000000000000000e+00,0.000000000000000000e+00,1.572861051300005419e+00,-0.000000000000000000e+00
-3.292774779999999707e-02,-3.012296999999999891e-01,0.000000000000000000e+00,0.000000000000000000e+00,1.572861051300005419e+00,-0.000000000000000000e+00
-3.292774779999999707e-02,-3.012296999999999891e-01,0.000000000000000000e+00,0.000000000000000000e+00,1.572861051300005419e+00,-0.000000000000000000e+00
-3.292774779999999707e-02,-3.012296999999999891e-01,0.000000000000000000e+00,0.000000000000000000e+00,1.572861051300005419e+00,-0.000000000000000000e+00
-3.292774779999999707e-02,-3.012296999999999891e-01,0.000000000000000000e+00,0.000000000000000000e+00,1.572861051300005419e+00,-0.000000000000000000e+00
-3.292774779999999707e-02,-3.012296999999999891e-01,0.000000000000000000e+00,0.000000000000000000e+00,1.572861051300005419e+00,-0.000000000000000000e+00
-3.292774779999999707e-02,-3.012296999999999891e-01,0.000000000000000000e+00,0.000000000000000000e+00,1.572861051300005419e+00,-0.000000000000000000e+00
-3.292774779999999707e-02,-3.012296999999999891e-01,0.000000000000000000e+00,0.000000000000000000e+00,1.572861051300005419e+00,-0.000000000000000000e+00
-3.292774779999999707e-02,-3.012296999999999891e-01,0.000000000000000000e+00,0.000000000000000000e+00,1.572861051300005419e+00,-0.000000000000000000e+00
-3.292774779999999707e-02,-3.012296999999999891e-01,0.000000000000000000e+00,0.000000000000000000e+00,1.572861051300005419e+00,-0.000000000000000000e+00
-3.292774779999999707e-02,-3.012296999999999891e-01,0.000000000000000000e+00,0.000000000000000000e+00,1.572861051300005419e+00,-0.000000000000000000e+00
-3.292774779999999707e-02,-3.012296999999999891e-01,0.000000000000000000e+00,0.000000000000000000e+00,1.572861051300005419e+00,-0.000000000000000000e+00
-3.292774779999999707e-02,-3.012296999999999891e-01,0.000000000000000000e+00,0.000000000000000000e+00,1.572861051300005419e+00,-0.000000000000000000e+00
-3.292774779999999707e-02,-3.012296999999999891e-01,0.000000000000000000e+00,0.000000000000000000e+00,1.572861051300005419e+00,-0.000000000000000000e+00
-3.292774779999999707e-02,-3.012296999999999891e-01,0.000000000000000000e+00,0.000000000000000000e+00,1.572861051300005419e+00,-0.000000000000000000e+00
-3.292774779999999707e-02,-3.012296999999999891e-01,0.000000000000000000e+00,0.000000000000000000e+00,1.572861051300005419e+00,-0.000000000000000000e+00
-3.292774779999999707e-02,-3.012296999999999891e-01,0.000000000000000000e+00,0.000000000000000000e+00,1.572861051300005419e+00,-0.000000000000000000e+00
-3.292774779999999707e-02,-3.012296999999999891e-01,0.000000000000000000e+00,0.000000000000000000e+00,1.572861051300005419e+00,-0.000000000000000000e+00
-3.292774779999999707e-02,-3.012296999999999891e-01,0.000000000000000000e+00,0.000000000000000000e+00,1.572861051300005419e+00,-0.000000000000000000e+00
-3.292774779999999707e-02,-3.012296999999999891e-01,0.000000000000000000e+00,0.000000000000000000e+00,1.572861051300005419e+00,-0.000000000000000000e+00
-3.292774779999999707e-02,-3.012296999999999891e-01,0.000000000000000000e+00,0.000000000000000000e+00,1.572861051300005419e+00,-0.000000000000000000e+00
-3.292774779999999707e-02,-3.012296999999999891e-01,0.000000000000000000e+00,0.000000000000000000e+00,1.572861051300005419e+00,-0.000000000000000000e+00
-3.292774779999999707e-02,-3.012296999999999891e-01,0.000000000000000000e+00,0.000000000000000000e+00,1.572861051300005419e+00,-0.000000000000000000e+00
-3.292774779999999707e-02,-3.012296999999999891e-01,0.000000000000000000e+00,0.000000000000000000e+00,1.572861051300005419e+00,-0.000000000000000000e+00
-3.292774779999999707e-02,-3.012296999999999891e-01,0.000000000000000000e+00,0.000000000000000000e+00,1.572861051300005419e+00,-0.000000000000000000e+00
-3.292774779999999707e-02,-3.012296999999999891e-01,0.000000000000000000e+00,0.000000000000000000e+00,1.572861051300005419e+00,-0.000000000000000000e+00
-3.292774779999999707e-02,-3.012296999999999891e-01,0.000000000000000000e+00,0.000000000000000000e+00,1.572861051300005419e+00,-0.000000000000000000e+00
-3.292774779999999707e-02,-3.012296999999999891e-01,0.000000000000000000e+00,0.000000000000000000e+00,1.572861051300005419e+00,-0.000000000000000000e+00
-3.292774779999999707e-02,-3.012296999999999891e-01,0.000000000000000000e+00,0.000000000000000000e+00,1.572861051300005419e+00,-0.000000000000000000e+00
-3.292774779999999707e-02,-3.012296999999999891e-01,0.000000000000000000e+00,0.000000000000000000e+00,1.572861051300005419e+00,-0.000000000000000000e+00
-3.292774779999999707e-02,-3.012296999999999891e-01,0.000000000000000000e+00,0.000000000000000000e+00,1.572861051300005419e+00,-0.000000000000000000e+00
-3.292774779999999707e-02,-3.012296999999999891e-01,0.000000000000000000e+00,0.000000000000000000e+00,1.572861051300005419e+00,-0.000000000000000000e+00
-3.292774779999999707e-02,-3.012296999999999891e-01,0.000000000000000000e+00,0.000000000000000000e+00,1.572861051300005419e+00,-0.000000000000000000e+00
-3.292774779999999707e-02,-3.012296999999999891e-01,0.000000000000000000e+00,0.000000000000000000e+00,1.572861051300005419e+00,-0.000000000000000000e+00
-3.292774779999999707e-02,-3.012296999999999891e-01,0.000000000000000000e+00,0.000000000000000000e+00,1.572861051300005419e+00,-0.000000000000000000e+00
-3.292774779999999707e-02,-3.012296999999999891e-01,0.000000000000000000e+00,0.000000000000000000e+00,1.572861051300005419e+00,-0.000000000000000000e+00
-3.292774779999999707e-02,-3.012296999999999891e-01,0.000000000000000000e+00,0.000000000000000000e+00,1.572861051300005419e+00,-0.000000000000000000e+00
-3.292774779999999707e-02,-3.012296999999999891e-01,0.000000000000000000e+00,0.000000000000000000e+00,1.572861051300005419e+00,-0.000000000000000000e+00
-3.292774779999999707e-02,-3.012296999999999891e-01,0.000000000000000000e+00,0.000000000000000000e+00,1.572861051300005419e+00,-0.000000000000000000e+00
-3.292774779999999707e-02,-3.012296999999999891e-01,0.000000000000000000e+00,0.000000000000000000e+00,1.572861051300005419e+00,-0.000000000000000000e+00
-3.292774779999999707e-02,-3.012296999999999891e-01,0.000000000000000000e+00,0.000000000000000000e+00,1.572861051300005419e+00,-0.000000000000000000e+00
-3.292774779999999707e-02,-3.012296999999999891e-01,0.000000000000000000e+00,0.000000000000000000e+00,1.572861051300005419e+00,-0.000000000000000000e+00
-3.292774779999999707e-02,-3.012296999999999891e-01,0.000000000000000000e+00,0.000000000000000000e+00,1.572861051300005419e+00,-0.000000000000000000e+00
-3.292774779999999707e-02,-3.012296999999999891e-01,0.000000000000000000e+00,0.000000000000000000e+00,1.572861051300005419e+00,-0.000000000000000000e+00
-3.292774779999999707e-02,-3.012296999999999891e-01,0.000000000000000000e+00,0.000000000000000000e+00,1.572861051300005419e+00,-0.000000000000000000e+00
-3.292774779999999707e-02,-3.012296999999999891e-01,0.000000000000000000e+00,0.000000000000000000e+00,1.572861051300005419e+00,-0.000000000000000000e+00
-3.292774779999999707e-02,-3.012296999999999891e-01,0.000000000000000000e+00,0.000000000000000000e+00,1.572861051300005419e+00,-0.000000000000000000e+00
-3.292774779999999707e-02,-3.012296999999999891e-01,0.000000000000000000e+00,0.000000000000000000e+00,1.572861051300005419e+00,-0.000000000000000000e+00
-3.292774779999999707e-02,-3.012296999999999891e-01,0.000000000000000000e+00,0.000000000000000000e+00,1.572861051300005419e+00,-0.000000000000000000e+00
-3.292774779999999707e-02,-3.012296999999999891e-01,0.000000000000000000e+00,0.000000000000000000e+00,1.572861051300005419e+00,-0.000000000000000000e+00
-3.292774779999999707e-02,-3.012296999999999891e-01,0.000000000000000000e+00,0.000000000000000000e+00,1.572861051300005419e+00,-0.000000000000000000e+00
-3.292774779999999707e-02,-3.012296999999999891e-01,0.000000000000000000e+00,0.000000000000000000e+00,1.572861051300005419e+00,-0.000000000000000000e+00
-3.292774779999999707e-02,-3.012296999999999891e-01,0.000000000000000000e+00,0.000000000000000000e+00,1.572861051300005419e+00,-0.000000000000000000e+00
-3.292774779999999707e-02,-3.012296999999999891e-01,0.000000000000000000e+00,0.000000000000000000e+00,1.572861051300005419e+00,-0.000000000000000000e+00
-3.292774779999999707e-02,-3.012296999999999891e-01,0.000000000000000000e+00,0.000000000000000000e+00,1.572861051300005419e+00,-0.000000000000000000e+00
-3.292774779999999707e-02,-3.012296999999999891e-01,0.000000000000000000e+00,0.000000000000000000e+00,1.572861051300005419e+00,-0.000000000000000000e+00
-3.292774779999999707e-02,-3.012296999999999891e-01,0.000000000000000000e+00,0.000000000000000000e+00,1.572861051300005419e+00,-0.000000000000000000e+00
-3.292774779999999707e-02,-3.012296999999999891e-01,0.000000000000000000e+00,0.000000000000000000e+00,1.572861051300005419e+00,-0.000000000000000000e+00
-3.292774779999999707e-02,-3.012296999999999891e-01,0.000000000000000000e+00,0.000000000000000000e+00,1.572861051300005419e+00,-0.000000000000000000e+00
