-1.139015861426979637e-01,0.000000000000000000e+00
7.858714569654226545e-02,0.000000000000000000e+00
7.341803675445274235e-02,0.000000000000000000e+00
7.342979382182436565e-02,0.000000000000000000e+00
7.342058981425367281e-02,0.000000000000000000e+00
7.342949381381548568e-02,0.000000000000000000e+00
7.341431707798307116e-02,0.000000000000000000e+00
7.341797319182062631e-02,0.000000000000000000e+00
7.342731181943583374e-02,0.000000000000000000e+00
7.342062460770844290e-02,0.000000000000000000e+00
7.342977721367086041e-02,0.000000000000000000e+00
7.342706347024391400e-02,0.000000000000000000e+00
-4.311892550461841195e-02,0.000000000000000000e+00
2.934213804309112120e-02,0.000000000000000000e+00
-1.809539160758156032e-02,0.000000000000000000e+00
2.113904371061927495e-03,0.000000000000000000e+00
-5.310412874176444371e-03,0.000000000000000000e+00
-6.997400388705365959e-02,0.000000000000000000e+00
-3.297912310708318584e-01,0.000000000000000000e+00
-4.130234735111317779e-01,0.000000000000000000e+00
-4.994140195866971221e-01,0.000000000000000000e+00
-5.041246284018058299e-01,0.000000000000000000e+00
-6.078069019415502927e-01,0.000000000000000000e+00
-6.550849882048587203e-01,0.000000000000000000e+00
-6.427748586036429179e-01,0.000000000000000000e+00
-9.723502513868012009e-01,-6.999999999999999556e-01
-1.059553932159951861e+00,-6.999999999999999556e-01
-1.187032510809577612e+00,-6.999999999999999556e-01
-1.147172765760678503e+00,-6.999999999999999556e-01
-1.332871114044908767e+00,-6.999999999999999556e-01
-1.293079810190994827e+00,-6.999999999999999556e-01
-1.299932769654415621e+00,-6.999999999999999556e-01
-1.457467158131642959e+00,-6.999999999999999556e-01
-1.403883091256380222e+00,-6.999999999999999556e-01
-1.330574965762333139e+00,-6.999999999999999556e-01
-1.330077314793718601e+00,-6.999999999999999556e-01
-1.330089283859148264e+00,-6.999999999999999556e-01
-1.340743208735470926e+00,-6.999999999999999556e-01
-1.337578476178580278e+00,-6.999999999999999556e-01
-1.337570704805763233e+00,-6.999999999999999556e-01
-1.337570635282913534e+00,-6.999999999999999556e-01
-1.337570730343040637e+00,-6.999999999999999556e-01
-1.337570677154628296e+00,-6.999999999999999556e-01
-1.337570755404411615e+00,-6.999999999999999556e-01
-1.362054824965338806e+00,-6.999999999999999556e-01
-1.461189183569466365e+00,-6.999999999999999556e-01
-1.536043321342051016e+00,-6.999999999999999556e-01
-1.472913925192338658e+00,-6.999999999999999556e-01
-1.418274719972945963e+00,-6.999999999999999556e-01
-1.418268492359317845e+00,-6.999999999999999556e-01
-1.418282241015757839e+00,-6.999999999999999556e-01
-1.418260898169479534e+00,-6.999999999999999556e-01
-1.418282537925868336e+00,-6.999999999999999556e-01
-1.419405695339579943e+00,-6.999999999999999556e-01
-1.419412134519477231e+00,-6.999999999999999556e-01
-1.419418167981268741e+00,-6.999999999999999556e-01
-1.419419722190099487e+00,-6.999999999999999556e-01
-1.419418078306307285e+00,-6.999999999999999556e-01
-1.419412106179199995e+00,-6.999999999999999556e-01
-1.419412126636356186e+00,-6.999999999999999556e-01
-1.419412098493488150e+00,-6.999999999999999556e-01
-1.419418159324479456e+00,-6.999999999999999556e-01
-1.419405779424486092e+00,-6.999999999999999556e-01
-1.419419825224625287e+00,-6.999999999999999556e-01
-1.419411805095938117e+00,-6.999999999999999556e-01
-1.419412124984426704e+00,-6.999999999999999556e-01
-1.419405799995849815e+00,-6.999999999999999556e-01
-1.419412134764049815e+00,-6.999999999999999556e-01
-1.419405797617270704e+00,-6.999999999999999556e-01
-1.419405788122422463e+00,-6.999999999999999556e-01
-1.419412086089798741e+00,-6.999999999999999556e-01
-1.419405864804635486e+00,-6.999999999999999556e-01
-1.419419739865768193e+00,-6.999999999999999556e-01
-1.419419886121768393e+00,-6.999999999999999556e-01
-1.419405612818744666e+00,-6.999999999999999556e-01
-1.419398180065547743e+00,-6.999999999999999556e-01
-1.439113301022094893e+00,-6.999999999999999556e-01
-1.441969901440194102e+00,-6.999999999999999556e-01
-1.451009468265732849e+00,-6.999999999999999556e-01
-1.650602178575394818e+00,-6.999999999999999556e-01
-1.665122326866772751e+00,-6.999999999999999556e-01
-1.672139134175980368e+00,-6.999999999999999556e-01
-1.527550540166201509e+00,-6.999999999999999556e-01
-1.527552113370788112e+00,-6.999999999999999556e-01
-1.527558065849102809e+00,-6.999999999999999556e-01
-1.527558094644309916e+00,-6.999999999999999556e-01
-1.609719718460925320e+00,-6.999999999999999556e-01
-1.561110221762454620e+00,-6.999999999999999556e-01
-1.572696616394674285e+00,-6.999999999999999556e-01
-1.859994457797600420e+00,-6.999999999999999556e-01
-1.946040565380899201e+00,-6.999999999999999556e-01
-1.770683878247552023e+00,-6.999999999999999556e-01
-1.803331975263336995e+00,-6.999999999999999556e-01
-1.790874086439238511e+00,-6.999999999999999556e-01
-1.790867980244714497e+00,-6.999999999999999556e-01
-1.790874020300490255e+00,-6.999999999999999556e-01
-1.790868095059100273e+00,-6.999999999999999556e-01
-1.790881437712569246e+00,-6.999999999999999556e-01
-1.790874124367817677e+00,-6.999999999999999556e-01
-1.790868024791539392e+00,-6.999999999999999556e-01
-1.682508002297249838e+00,-6.999999999999999556e-01
-1.430813168398578972e+00,-6.999999999999999556e-01
-1.027764804655701081e+00,-6.999999999999999556e-01
-1.010722479329616341e+00,-6.999999999999999556e-01
-6.061826756402604044e-01,0.000000000000000000e+00
-4.080684850385437601e-01,0.000000000000000000e+00
-3.980898437337995754e-01,0.000000000000000000e+00
-2.082529962452647210e-01,0.000000000000000000e+00
-2.133911298497443154e-01,0.000000000000000000e+00
-3.488198533045431815e-01,0.000000000000000000e+00
-3.436548635349417347e-01,0.000000000000000000e+00
-3.474566975127807988e-01,0.000000000000000000e+00
-5.964102215948118291e-01,0.000000000000000000e+00
-4.409851725496430341e-01,0.000000000000000000e+00
-8.430277563824826181e-01,-6.999999999999999556e-01
-1.288357091100359675e+00,-6.999999999999999556e-01
-1.630322293410324752e+00,-6.999999999999999556e-01
-1.658889166920849867e+00,-6.999999999999999556e-01
-1.882023206071564703e+00,-6.999999999999999556e-01
-1.634694604505074977e+00,-6.999999999999999556e-01
-1.582369650106997039e+00,-6.999999999999999556e-01
-1.569558755069234479e+00,-6.999999999999999556e-01
-1.569564706590439007e+00,-6.999999999999999556e-01
-1.566109623479904123e+00,-6.999999999999999556e-01
-1.566109643056178946e+00,-6.999999999999999556e-01
-1.566109597688286614e+00,-6.999999999999999556e-01
-1.566115639768035583e+00,-6.999999999999999556e-01
-1.566109571594982652e+00,-6.999999999999999556e-01
-1.566117313898558017e+00,-6.999999999999999556e-01
-1.566109630059914215e+00,-6.999999999999999556e-01
-1.566117251368825958e+00,-6.999999999999999556e-01
-1.566115634072867246e+00,-6.999999999999999556e-01
-1.566117196784251320e+00,-6.999999999999999556e-01
-1.566123129942663894e+00,-6.999999999999999556e-01
-1.566102788884274677e+00,-6.999999999999999556e-01
-1.566109564749829541e+00,-6.999999999999999556e-01
-1.566101370148860639e+00,-6.999999999999999556e-01
-1.566109538899973064e+00,-6.999999999999999556e-01
-1.566102939787840098e+00,-6.999999999999999556e-01
-1.566103039840938127e+00,-6.999999999999999556e-01
-1.566095521264158963e+00,-6.999999999999999556e-01
-1.567252346711352828e+00,-6.999999999999999556e-01
-1.567236776524098429e+00,-6.999999999999999556e-01
-1.567252493905160193e+00,-6.999999999999999556e-01
-1.567250922159034943e+00,-6.999999999999999556e-01
-1.567250909047228635e+00,-6.999999999999999556e-01
-1.567252487230861302e+00,-6.999999999999999556e-01
-1.567252581545895529e+00,-6.999999999999999556e-01
-1.571843943957017764e+00,-6.999999999999999556e-01
-1.628360418515857777e+00,-6.999999999999999556e-01
-1.670143022460860882e+00,-6.999999999999999556e-01
-1.582138967738349944e+00,-6.999999999999999556e-01
-1.567531852836717476e+00,-6.999999999999999556e-01
-1.440949727309376094e+00,-6.999999999999999556e-01
-1.291641213857390724e+00,-6.999999999999999556e-01
-8.488360883078320818e-01,-6.999999999999999556e-01
-6.927634085663898489e-01,0.000000000000000000e+00
-5.288806526972208433e-01,0.000000000000000000e+00
-7.106666526398148775e-01,0.000000000000000000e+00
-7.618292084546605114e-01,-6.999999999999999556e-01
-7.618508930292141601e-01,-6.999999999999999556e-01
-9.855848824190367452e-01,-6.999999999999999556e-01
-9.709695291152837804e-01,-6.999999999999999556e-01
-1.326847155118211496e+00,-6.999999999999999556e-01
-1.743431669562894415e+00,-6.999999999999999556e-01
-1.703088959619476039e+00,-6.999999999999999556e-01
-1.921749812340690644e+00,-6.999999999999999556e-01
-1.794661667537925220e+00,-6.999999999999999556e-01
-1.788064653838233875e+00,-6.999999999999999556e-01
-1.632225532716137240e+00,-6.999999999999999556e-01
-1.628788934656257181e+00,-6.999999999999999556e-01
-1.628796240451494404e+00,-6.999999999999999556e-01
-1.628796373665660102e+00,-6.999999999999999556e-01
-1.628796424856139513e+00,-6.999999999999999556e-01
-1.628790451744450696e+00,-6.999999999999999556e-01
-1.628788888279939506e+00,-6.999999999999999556e-01
-1.628788925231648088e+00,-6.999999999999999556e-01
-1.628796579003537692e+00,-6.999999999999999556e-01
-1.628796421350320323e+00,-6.999999999999999556e-01
-1.628788850147946166e+00,-6.999999999999999556e-01
-1.628796492364688042e+00,-6.999999999999999556e-01
-1.628796414922626834e+00,-6.999999999999999556e-01
-1.628790346565887948e+00,-6.999999999999999556e-01
-1.628788897348468545e+00,-6.999999999999999556e-01
-1.628788846653348665e+00,-6.999999999999999556e-01
-1.628796380004613908e+00,-6.999999999999999556e-01
-1.628796590069289785e+00,-6.999999999999999556e-01
-1.629923281360929899e+00,-6.999999999999999556e-01
-1.629931001713529781e+00,-6.999999999999999556e-01
-1.629930823385850047e+00,-6.999999999999999556e-01
-1.629923304506379456e+00,-6.999999999999999556e-01
-1.629930957583128004e+00,-6.999999999999999556e-01
-1.629923356915449428e+00,-6.999999999999999556e-01
-1.629923268030057715e+00,-6.999999999999999556e-01
-1.658280429912784015e+00,-6.999999999999999556e-01
-1.634500141119460626e+00,-6.999999999999999556e-01
-1.635634998857365963e+00,-6.999999999999999556e-01
-1.663882378322678379e+00,-6.999999999999999556e-01
-1.636769631875857112e+00,-6.999999999999999556e-01
-1.636769674803318253e+00,-6.999999999999999556e-01
-1.636769652929500163e+00,-6.999999999999999556e-01
-1.636769697767779697e+00,-6.999999999999999556e-01
-1.636769631982724071e+00,-6.999999999999999556e-01
-1.636755568463040378e+00,-6.999999999999999556e-01
-1.636769617368393437e+00,-6.999999999999999556e-01
-1.636769658759328561e+00,-6.999999999999999556e-01
-1.637904848375130618e+00,-6.999999999999999556e-01
-1.637904881476208718e+00,-6.999999999999999556e-01
-1.637898017384520344e+00,-6.999999999999999556e-01
-1.637904814665362530e+00,-6.999999999999999556e-01
-1.637904830718921678e+00,-6.999999999999999556e-01
-1.637904896220339523e+00,-6.999999999999999556e-01
-1.637896927091236909e+00,-6.999999999999999556e-01
-1.637896648853982340e+00,-6.999999999999999556e-01
-1.637911073908300708e+00,-6.999999999999999556e-01
-1.637912442250599288e+00,-6.999999999999999556e-01
-1.637904828010594782e+00,-6.999999999999999556e-01
-1.637912360845635629e+00,-6.999999999999999556e-01
-1.637898172348318138e+00,-6.999999999999999556e-01
-1.637904809221969460e+00,-6.999999999999999556e-01
-1.637904842933196825e+00,-6.999999999999999556e-01
-1.637910935517033817e+00,-6.999999999999999556e-01
-1.637910935517033817e+00,-6.999999999999999556e-01
-1.637918442659234364e+00,-6.999999999999999556e-01
-1.637911275560621993e+00,-6.999999999999999556e-01
-1.637904767738874501e+00,-6.999999999999999556e-01
-1.637912253706117482e+00,-6.999999999999999556e-01
-1.637910839020004561e+00,-6.999999999999999556e-01
-1.637911080112297357e+00,-6.999999999999999556e-01
-1.637890454605769097e+00,-6.999999999999999556e-01
-1.637896644532157442e+00,-6.999999999999999556e-01
-1.637904852211776729e+00,-6.999999999999999556e-01
-1.637910878273297843e+00,-6.999999999999999556e-01
-1.637904776581105892e+00,-6.999999999999999556e-01
-1.637904860914747518e+00,-6.999999999999999556e-01
-1.637904774487412007e+00,-6.999999999999999556e-01
-1.637911200411982460e+00,-6.999999999999999556e-01
-1.637904815234298317e+00,-6.999999999999999556e-01
-1.637904902018941344e+00,-6.999999999999999556e-01
-1.637890591320164235e+00,-6.999999999999999556e-01
-1.637896691794032078e+00,-6.999999999999999556e-01
-1.637904926230612901e+00,-6.999999999999999556e-01
-1.637904845634124529e+00,-6.999999999999999556e-01
-1.637904816594877744e+00,-6.999999999999999556e-01
-1.637912410133604446e+00,-6.999999999999999556e-01
-1.637890633939739660e+00,-6.999999999999999556e-01
-1.637911064932005667e+00,-6.999999999999999556e-01
-1.637910784927222529e+00,-6.999999999999999556e-01
-1.637910965852703349e+00,-6.999999999999999556e-01
-1.637904833034214080e+00,-6.999999999999999556e-01
-1.637890620429552468e+00,-6.999999999999999556e-01
-1.637904799108282461e+00,-6.999999999999999556e-01
-1.637910886331655158e+00,-6.999999999999999556e-01
-1.637904911691319798e+00,-6.999999999999999556e-01
-1.637910793399346865e+00,-6.999999999999999556e-01
-1.637904804306104412e+00,-6.999999999999999556e-01
-1.637890578547685827e+00,-6.999999999999999556e-01
-1.637904815001954839e+00,-6.999999999999999556e-01
-1.637910867313641994e+00,-6.999999999999999556e-01
-1.637910961182540426e+00,-6.999999999999999556e-01
-1.637890656901286990e+00,-6.999999999999999556e-01
-1.637904894832338254e+00,-6.999999999999999556e-01
-1.637904858190286417e+00,-6.999999999999999556e-01
-1.637904797605661766e+00,-6.999999999999999556e-01
-1.637910911132584912e+00,-6.999999999999999556e-01
-1.637904779075067818e+00,-6.999999999999999556e-01
-1.637904896106200825e+00,-6.999999999999999556e-01
-1.637910994625543459e+00,-6.999999999999999556e-01
-1.642954693251766463e+00,-6.999999999999999556e-01
-1.641339247253589484e+00,-6.999999999999999556e-01
-1.641325035641244545e+00,-6.999999999999999556e-01
-1.642480281434387068e+00,-6.999999999999999556e-01
-1.642480270188907410e+00,-6.999999999999999556e-01
-1.642446795001425652e+00,-6.999999999999999556e-01
-1.642444031466553156e+00,-6.999999999999999556e-01
-1.652025175586554040e+00,-6.999999999999999556e-01
-1.645907003217404352e+00,-6.999999999999999556e-01
-1.645905531976962211e+00,-6.999999999999999556e-01
-1.645913130629402588e+00,-6.999999999999999556e-01
-1.645905665873967250e+00,-6.999999999999999556e-01
-1.645913153999357670e+00,-6.999999999999999556e-01
-1.645913157596960552e+00,-6.999999999999999556e-01
-1.645905513643437068e+00,-6.999999999999999556e-01
-1.645905507101718346e+00,-6.999999999999999556e-01
-1.645906974365272557e+00,-6.999999999999999556e-01
-1.645905547304225669e+00,-6.999999999999999556e-01
-1.645899483798768603e+00,-6.999999999999999556e-01
-1.645913013652974044e+00,-6.999999999999999556e-01
-1.647026207697463995e+00,-6.999999999999999556e-01
-1.647040521077342223e+00,-6.999999999999999556e-01
-1.647026337292748277e+00,-6.999999999999999556e-01
-1.647040510075078457e+00,-6.999999999999999556e-01
-1.647040540610894555e+00,-6.999999999999999556e-01
-1.647048097061031058e+00,-6.999999999999999556e-01
-1.647040589829416257e+00,-6.999999999999999556e-01
-1.647026241097300003e+00,-6.999999999999999556e-01
-1.647040598594583960e+00,-6.999999999999999556e-01
-1.647033924247831793e+00,-6.999999999999999556e-01
-1.647026378422292270e+00,-6.999999999999999556e-01
-1.647042064723797550e+00,-6.999999999999999556e-01
-1.647040585457791639e+00,-6.999999999999999556e-01
-1.647040559775519331e+00,-6.999999999999999556e-01
-1.647040573418510290e+00,-6.999999999999999556e-01
-1.647048329978989534e+00,-6.999999999999999556e-01
-1.647040536619285289e+00,-6.999999999999999556e-01
-1.647048047743825627e+00,-6.999999999999999556e-01
-1.647048108552682688e+00,-6.999999999999999556e-01
-1.647040554428054415e+00,-6.999999999999999556e-01
-1.647048064023002301e+00,-6.999999999999999556e-01
-1.647040530251464352e+00,-6.999999999999999556e-01
-1.647026680774353435e+00,-6.999999999999999556e-01
-1.647040617171136478e+00,-6.999999999999999556e-01
-1.647026253631852954e+00,-6.999999999999999556e-01
-1.647040614531018354e+00,-6.999999999999999556e-01
-1.647040617521327910e+00,-6.999999999999999556e-01
-1.647048080571335227e+00,-6.999999999999999556e-01
-1.647040354616197577e+00,-6.999999999999999556e-01
-1.647040506807146087e+00,-6.999999999999999556e-01
-1.647048090374907181e+00,-6.999999999999999556e-01
-1.647048076505303937e+00,-6.999999999999999556e-01
-1.647040537423070772e+00,-6.999999999999999556e-01
-1.647040546294844976e+00,-6.999999999999999556e-01
-1.647048043055386213e+00,-6.999999999999999556e-01
-1.647040515588362286e+00,-6.999999999999999556e-01
-1.647047968510060523e+00,-6.999999999999999556e-01
-1.647048071106305134e+00,-6.999999999999999556e-01
-1.647040586124291162e+00,-6.999999999999999556e-01
-1.647048160646759962e+00,-6.999999999999999556e-01
-1.647040569628862583e+00,-6.999999999999999556e-01
-1.647040515641379432e+00,-6.999999999999999556e-01
-1.647040507339507576e+00,-6.999999999999999556e-01
-1.647040601253903391e+00,-6.999999999999999556e-01
-1.647040515691231555e+00,-6.999999999999999556e-01
-1.647040628948132301e+00,-6.999999999999999556e-01
-1.647047792832486257e+00,-6.999999999999999556e-01
-1.647033837814418256e+00,-6.999999999999999556e-01
-1.647040525293365976e+00,-6.999999999999999556e-01
-1.647033847779630911e+00,-6.999999999999999556e-01
-1.647040517405423010e+00,-6.999999999999999556e-01
-1.647048064161771741e+00,-6.999999999999999556e-01
-1.647040544624445380e+00,-6.999999999999999556e-01
-1.647040557318174336e+00,-6.999999999999999556e-01
-1.647040580026659207e+00,-6.999999999999999556e-01
-1.647033857370106880e+00,-6.999999999999999556e-01
-1.647040571405157472e+00,-6.999999999999999556e-01
-1.647048250321494489e+00,-6.999999999999999556e-01
-1.647048109727960563e+00,-6.999999999999999556e-01
-1.647048047070752030e+00,-6.999999999999999556e-01
-1.647026830769906747e+00,-6.999999999999999556e-01
-1.647040655138761300e+00,-6.999999999999999556e-01
-1.647033818885970557e+00,-6.999999999999999556e-01
-1.711271793875011937e+00,-6.999999999999999556e-01
-1.648176003213821073e+00,-6.999999999999999556e-01
-1.648175989787891815e+00,-6.999999999999999556e-01
-1.648176075190845191e+00,-6.999999999999999556e-01
-1.648176028504809487e+00,-6.999999999999999556e-01
-1.648176006928394166e+00,-6.999999999999999556e-01
-1.648176036742736938e+00,-6.999999999999999556e-01
-1.648176034640288279e+00,-6.999999999999999556e-01
-1.648182099855604266e+00,-6.999999999999999556e-01
-1.648175938832307619e+00,-6.999999999999999556e-01
-1.648161748578413022e+00,-6.999999999999999556e-01
-1.648183464969529499e+00,-6.999999999999999556e-01
-1.648175968659119528e+00,-6.999999999999999556e-01
-1.648183569948532323e+00,-6.999999999999999556e-01
-1.648175970597666185e+00,-6.999999999999999556e-01
-1.648176076821061597e+00,-6.999999999999999556e-01
-1.648175946961328187e+00,-6.999999999999999556e-01
-1.648176073554569854e+00,-6.999999999999999556e-01
-1.648189406674112956e+00,-6.999999999999999556e-01
-1.648175997578035235e+00,-6.999999999999999556e-01
-1.648183511812750801e+00,-6.999999999999999556e-01
-1.648175987235415807e+00,-6.999999999999999556e-01
-1.648189458129559526e+00,-6.999999999999999556e-01
-1.648176007599507775e+00,-6.999999999999999556e-01
-1.648183504169293156e+00,-6.999999999999999556e-01
-1.648182077328958384e+00,-6.999999999999999556e-01
-1.648176047983392234e+00,-6.999999999999999556e-01
-1.648176048200123311e+00,-6.999999999999999556e-01
-1.648175947968417931e+00,-6.999999999999999556e-01
-1.648182124196929887e+00,-6.999999999999999556e-01
-1.648182036079581136e+00,-6.999999999999999556e-01
-1.648176031641469974e+00,-6.999999999999999556e-01
-1.648175977735773623e+00,-6.999999999999999556e-01
-1.648175982770447634e+00,-6.999999999999999556e-01
-1.648182277598050138e+00,-6.999999999999999556e-01
-1.648175970589480066e+00,-6.999999999999999556e-01
-1.648176079372480451e+00,-6.999999999999999556e-01
-1.648175991682779618e+00,-6.999999999999999556e-01
-1.648176000939864938e+00,-6.999999999999999556e-01
-1.648176031900572491e+00,-6.999999999999999556e-01
-1.648181996475049482e+00,-6.999999999999999556e-01
-1.648176049319542535e+00,-6.999999999999999556e-01
-1.648176002595362233e+00,-6.999999999999999556e-01
-1.648162165119199773e+00,-6.999999999999999556e-01
-1.648176023491967568e+00,-6.999999999999999556e-01
-1.648176066353341351e+00,-6.999999999999999556e-01
-1.648189882661452055e+00,-6.999999999999999556e-01
-1.648176033403552232e+00,-6.999999999999999556e-01
-1.648176033564425769e+00,-6.999999999999999556e-01
-1.648175980384309014e+00,-6.999999999999999556e-01
-1.648182063251415252e+00,-6.999999999999999556e-01
-1.648175996476989535e+00,-6.999999999999999556e-01
-1.648167822267973870e+00,-6.999999999999999556e-01
-1.648175962093691327e+00,-6.999999999999999556e-01
-1.648169310094961926e+00,-6.999999999999999556e-01
-1.648167864591792320e+00,-6.999999999999999556e-01
-1.648183497684367449e+00,-6.999999999999999556e-01
-1.648182082964303241e+00,-6.999999999999999556e-01
-1.648182049172399521e+00,-6.999999999999999556e-01
-1.648167969293423463e+00,-6.999999999999999556e-01
-1.648176103230832856e+00,-6.999999999999999556e-01
-1.648183592272313147e+00,-6.999999999999999556e-01
-1.648176039589018593e+00,-6.999999999999999556e-01
-1.648182100151865725e+00,-6.999999999999999556e-01
-1.648176086877267466e+00,-6.999999999999999556e-01
-1.648176092876730392e+00,-6.999999999999999556e-01
-1.648176072084614807e+00,-6.999999999999999556e-01
-1.648182124302455032e+00,-6.999999999999999556e-01
-1.648182002990121742e+00,-6.999999999999999556e-01
-1.648183633291554928e+00,-6.999999999999999556e-01
-1.648176060443361735e+00,-6.999999999999999556e-01
-1.648176052686432635e+00,-6.999999999999999556e-01
-1.648182176962234236e+00,-6.999999999999999556e-01
-1.648182156607856053e+00,-6.999999999999999556e-01
-1.648189719844665113e+00,-6.999999999999999556e-01
-1.648181982553057257e+00,-6.999999999999999556e-01
-1.648176086083392722e+00,-6.999999999999999556e-01
-1.648176008224514044e+00,-6.999999999999999556e-01
-1.648176013609290447e+00,-6.999999999999999556e-01
-1.648161593386509249e+00,-6.999999999999999556e-01
-1.648183606549157076e+00,-6.999999999999999556e-01
-1.648167923157361159e+00,-6.999999999999999556e-01
-1.648183548025757617e+00,-6.999999999999999556e-01
-1.648176099910811709e+00,-6.999999999999999556e-01
-1.648182098256973482e+00,-6.999999999999999556e-01
-1.648181956651658675e+00,-6.999999999999999556e-01
-1.648176086586724987e+00,-6.999999999999999556e-01
-1.648182017575902991e+00,-6.999999999999999556e-01
-1.648175981864768991e+00,-6.999999999999999556e-01
-1.648161687325273572e+00,-6.999999999999999556e-01
-1.648176030606093301e+00,-6.999999999999999556e-01
-1.648181961819161101e+00,-6.999999999999999556e-01
-1.648176011797396479e+00,-6.999999999999999556e-01
-1.648176040986482738e+00,-6.999999999999999556e-01
-1.648161682422419227e+00,-6.999999999999999556e-01
-1.648175957181330586e+00,-6.999999999999999556e-01
-1.648176106489486425e+00,-6.999999999999999556e-01
-1.648181978037529749e+00,-6.999999999999999556e-01
-1.648175994935929589e+00,-6.999999999999999556e-01
-1.648176059484178113e+00,-6.999999999999999556e-01
-1.648183536688996309e+00,-6.999999999999999556e-01
-1.648183519422784737e+00,-6.999999999999999556e-01
-1.648182083305433698e+00,-6.999999999999999556e-01
-1.648182035170822735e+00,-6.999999999999999556e-01
-1.648161852113259052e+00,-6.999999999999999556e-01
-1.648175986465650666e+00,-6.999999999999999556e-01
-1.651628168995387336e+00,-6.999999999999999556e-01
-1.651606253564315008e+00,-6.999999999999999556e-01
-1.651612292007134331e+00,-6.999999999999999556e-01
-1.651606234453679933e+00,-6.999999999999999556e-01
-1.651606202304946036e+00,-6.999999999999999556e-01
-1.651606285026452570e+00,-6.999999999999999556e-01
-1.651612104881434950e+00,-6.999999999999999556e-01
-1.651606307411676466e+00,-6.999999999999999556e-01
-1.651598643884638618e+00,-6.999999999999999556e-01
-1.651612236557412183e+00,-6.999999999999999556e-01
-1.651598687737500404e+00,-6.999999999999999556e-01
-1.651606290274277855e+00,-6.999999999999999556e-01
-1.651612226468993194e+00,-6.999999999999999556e-01
-1.651612120673582096e+00,-6.999999999999999556e-01
-1.651606251669026859e+00,-6.999999999999999556e-01
-1.651606234474592538e+00,-6.999999999999999556e-01
-1.651606241660382723e+00,-6.999999999999999556e-01
-1.651606239709507040e+00,-6.999999999999999556e-01
-1.651584333806170646e+00,-6.999999999999999556e-01
-1.651604781231959418e+00,-6.999999999999999556e-01
-1.651606262949534498e+00,-6.999999999999999556e-01
-1.651606268669510102e+00,-6.999999999999999556e-01
-1.651598774922418578e+00,-6.999999999999999556e-01
-1.651606218846030982e+00,-6.999999999999999556e-01
-1.651612294875715037e+00,-6.999999999999999556e-01
-1.651606245273050000e+00,-6.999999999999999556e-01
-1.651606298275612561e+00,-6.999999999999999556e-01
-1.651612196016998046e+00,-6.999999999999999556e-01
-1.651606228425559486e+00,-6.999999999999999556e-01
-1.651598005344879327e+00,-6.999999999999999556e-01
-1.651606215414140877e+00,-6.999999999999999556e-01
-1.651606207267922510e+00,-6.999999999999999556e-01
-1.651606298590020838e+00,-6.999999999999999556e-01
-1.651606222623031694e+00,-6.999999999999999556e-01
-1.651606191986287886e+00,-6.999999999999999556e-01
-1.651598739509019032e+00,-6.999999999999999556e-01
-1.651591750577211970e+00,-6.999999999999999556e-01
-1.651612328337400459e+00,-6.999999999999999556e-01
-1.651612452768894901e+00,-6.999999999999999556e-01
-1.651606168772794092e+00,-6.999999999999999556e-01
-1.651598736685859992e+00,-6.999999999999999556e-01
-1.651584151281973112e+00,-6.999999999999999556e-01
-1.651584486105009519e+00,-6.999999999999999556e-01
-1.651606251806272407e+00,-6.999999999999999556e-01
-1.651606192049256405e+00,-6.999999999999999556e-01
-1.651612285601708585e+00,-6.999999999999999556e-01
-1.651606230863456926e+00,-6.999999999999999556e-01
-1.651612083514254703e+00,-6.999999999999999556e-01
-1.651612274272776792e+00,-6.999999999999999556e-01
-1.651606304069924480e+00,-6.999999999999999556e-01
-1.651606234603313128e+00,-6.999999999999999556e-01
-1.651598690095912758e+00,-6.999999999999999556e-01
-1.651606237793629361e+00,-6.999999999999999556e-01
-1.651606272277061027e+00,-6.999999999999999556e-01
-1.651591938043124541e+00,-6.999999999999999556e-01
-1.651606202248473210e+00,-6.999999999999999556e-01
-1.651612240383855568e+00,-6.999999999999999556e-01
-1.651592098350728843e+00,-6.999999999999999556e-01
-1.651598709630897055e+00,-6.999999999999999556e-01
-1.651606346418137417e+00,-6.999999999999999556e-01
-1.651591952577778688e+00,-6.999999999999999556e-01
-1.650433404021246053e+00,-6.999999999999999556e-01
-1.650485026820706302e+00,-6.999999999999999556e-01
-1.650470877575395789e+00,-6.999999999999999556e-01
-1.650464691477763424e+00,-6.999999999999999556e-01
-1.650463234925110489e+00,-6.999999999999999556e-01
-1.649308308891044295e+00,-6.999999999999999556e-01
-1.649316152369954658e+00,-6.999999999999999556e-01
-1.649336377194180692e+00,-6.999999999999999556e-01
-1.649322130056229740e+00,-6.999999999999999556e-01
-1.648201620815082258e+00,-6.999999999999999556e-01
-1.648201471084194569e+00,-6.999999999999999556e-01
-1.649330357484921850e+00,-6.999999999999999556e-01
-1.649328865343971273e+00,-6.999999999999999556e-01
-1.648195401415432526e+00,-6.999999999999999556e-01
-1.648180923313752766e+00,-6.999999999999999556e-01
-1.643531292311989800e+00,-6.999999999999999556e-01
-1.643629877833315156e+00,-6.999999999999999556e-01
-1.643629977848503732e+00,-6.999999999999999556e-01
-1.571639958453738828e+00,-6.999999999999999556e-01
-1.447864159376612392e+00,-6.999999999999999556e-01
-1.550334241513863009e+00,-6.999999999999999556e-01
-1.550592231123831599e+00,-6.999999999999999556e-01
-1.579428322142666596e+00,-6.999999999999999556e-01
-1.783621367870788399e+00,-6.999999999999999556e-01
-1.589140659764169294e+00,-6.999999999999999556e-01
-1.589161207061926540e+00,-6.999999999999999556e-01
-1.589154516730710398e+00,-6.999999999999999556e-01
-1.582355261104406052e+00,-6.999999999999999556e-01
-1.586261751249228968e+00,-6.999999999999999556e-01
-1.586261802994998193e+00,-6.999999999999999556e-01
-1.586261744076762126e+00,-6.999999999999999556e-01
-1.586261740350343175e+00,-6.999999999999999556e-01
-1.586261794303555295e+00,-6.999999999999999556e-01
-1.586276073523758212e+00,-6.999999999999999556e-01
-1.586261700814491249e+00,-6.999999999999999556e-01
-1.586263343481429944e+00,-6.999999999999999556e-01
-1.583145788295552192e+00,-6.999999999999999556e-01
-1.581648438458230110e+00,-6.999999999999999556e-01
-1.581615568263938565e+00,-6.999999999999999556e-01
-1.582766463510602239e+00,-6.999999999999999556e-01
-1.582772410362540016e+00,-6.999999999999999556e-01
-1.582752306395253994e+00,-6.999999999999999556e-01
-1.581610815439090434e+00,-6.999999999999999556e-01
-1.581629898918065047e+00,-6.999999999999999556e-01
-1.581615709820828330e+00,-6.999999999999999556e-01
-1.581615620575816727e+00,-6.999999999999999556e-01
-1.581615725242325299e+00,-6.999999999999999556e-01
-1.581615644048647962e+00,-6.999999999999999556e-01
-1.578180917639393943e+00,-6.999999999999999556e-01
-1.578188351107952858e+00,-6.999999999999999556e-01
-1.578188226570159003e+00,-6.999999999999999556e-01
-1.578174299454135898e+00,-6.999999999999999556e-01
-1.578180880321510715e+00,-6.999999999999999556e-01
-1.578180852369589715e+00,-6.999999999999999556e-01
-1.578166710631117908e+00,-6.999999999999999556e-01
-1.627705331751496898e+00,-6.999999999999999556e-01
-1.581629999847418810e+00,-6.999999999999999556e-01
-1.578747780720827887e+00,-6.999999999999999556e-01
-1.578747823742995937e+00,-6.999999999999999556e-01
-1.578747774085130562e+00,-6.999999999999999556e-01
-1.580009364024416385e+00,-6.999999999999999556e-01
-1.579869683181042150e+00,-6.999999999999999556e-01
-1.584566956097634538e+00,-6.999999999999999556e-01
-1.609919484779744669e+00,-6.999999999999999556e-01
-1.834896110360247246e+00,-6.999999999999999556e-01
-1.794891204801628115e+00,-6.999999999999999556e-01
-2.025867837795896964e+00,-6.999999999999999556e-01
-2.136855602679394117e+00,-6.999999999999999556e-01
-2.182077013765725049e+00,-6.999999999999999556e-01
-2.223193861566028939e+00,-6.999999999999999556e-01
-2.437224076014811835e+00,-6.999999999999999556e-01
-2.494979752647779936e+00,-6.999999999999999556e-01
-2.512934068473503313e+00,-1.399999999999999911e+00
-2.361912993732936172e+00,-6.999999999999999556e-01
-2.365526168292476417e+00,-6.999999999999999556e-01
-2.365526333148760152e+00,-6.999999999999999556e-01
-2.368470777958507245e+00,-6.999999999999999556e-01
-2.372883253743597987e+00,-6.999999999999999556e-01
-2.378330197581358885e+00,-6.999999999999999556e-01
-2.381256068951007165e+00,-6.999999999999999556e-01
-2.381249209034461689e+00,-6.999999999999999556e-01
-2.381255954374814632e+00,-6.999999999999999556e-01
-2.381249166470037704e+00,-6.999999999999999556e-01
-2.381256144154577647e+00,-6.999999999999999556e-01
-2.533691447644255135e+00,-1.399999999999999911e+00
-2.379840184379886203e+00,-6.999999999999999556e-01
-2.378724778930557004e+00,-6.999999999999999556e-01
-2.378732964482830337e+00,-6.999999999999999556e-01
-2.371012442327360414e+00,-6.999999999999999556e-01
-2.373256130415823506e+00,-6.999999999999999556e-01
-2.373270456513697724e+00,-6.999999999999999556e-01
-2.373262113310841581e+00,-6.999999999999999556e-01
-2.373255370163826150e+00,-6.999999999999999556e-01
-2.373256107758229039e+00,-6.999999999999999556e-01
-2.286261547081470002e+00,-6.999999999999999556e-01
-2.370017667254270322e+00,-6.999999999999999556e-01
-2.373190477061612125e+00,-6.999999999999999556e-01
-2.382776362216780797e+00,-6.999999999999999556e-01
-2.384775095963948210e+00,-6.999999999999999556e-01
-2.384789814068629443e+00,-6.999999999999999556e-01
-2.384768211786786107e+00,-6.999999999999999556e-01
-2.384789808632403307e+00,-6.999999999999999556e-01
-2.381290130188803644e+00,-6.999999999999999556e-01
-2.367650728584565822e+00,-6.999999999999999556e-01
-2.308396471033143271e+00,-6.999999999999999556e-01
-2.343935306010642705e+00,-6.999999999999999556e-01
-2.344563908671769337e+00,-6.999999999999999556e-01
-2.344549473956079044e+00,-6.999999999999999556e-01
-2.330306342303168687e+00,-6.999999999999999556e-01
-2.336911735611914676e+00,-6.999999999999999556e-01
-2.388597065262372254e+00,-6.999999999999999556e-01
-2.463243356140687901e+00,-6.999999999999999556e-01
-2.397140274207431254e+00,-6.999999999999999556e-01
-2.399374316060475021e+00,-6.999999999999999556e-01
-2.399395586341590558e+00,-6.999999999999999556e-01
-2.437409197940182182e+00,-6.999999999999999556e-01
-2.571845368798203246e+00,-1.399999999999999911e+00
-2.775024264070474977e+00,-1.399999999999999911e+00
-2.619609588018185775e+00,-1.399999999999999911e+00
-2.651087103004186485e+00,-1.399999999999999911e+00
-2.912013176979792561e+00,-1.399999999999999911e+00
-2.713721650815645425e+00,-1.399999999999999911e+00
-2.713203126494986961e+00,-1.399999999999999911e+00
-2.713220894821216866e+00,-1.399999999999999911e+00
-2.713206155082474424e+00,-1.399999999999999911e+00
-2.713220823699123763e+00,-1.399999999999999911e+00
-2.713220894475680822e+00,-1.399999999999999911e+00
-2.713217574981163338e+00,-1.399999999999999911e+00
-2.713208871076691953e+00,-1.399999999999999911e+00
-2.713220895327189464e+00,-1.399999999999999911e+00
-2.713223707095266501e+00,-1.399999999999999911e+00
-2.713217537709590843e+00,-1.399999999999999911e+00
-2.713212180698980625e+00,-1.399999999999999911e+00
-2.713217547481811653e+00,-1.399999999999999911e+00
-2.713221004625466559e+00,-1.399999999999999911e+00
-2.713206185586856556e+00,-1.399999999999999911e+00
-2.713223637036456637e+00,-1.399999999999999911e+00
-2.713208676257763852e+00,-1.399999999999999911e+00
-2.713202871844322406e+00,-1.399999999999999911e+00
-2.713217559111514188e+00,-1.399999999999999911e+00
-2.713208835170892730e+00,-1.399999999999999911e+00
-2.713226820431769770e+00,-1.399999999999999911e+00
-2.713217463225119364e+00,-1.399999999999999911e+00
-2.713220923157392939e+00,-1.399999999999999911e+00
-2.713223621449794898e+00,-1.399999999999999911e+00
-2.713206237001618781e+00,-1.399999999999999911e+00
-2.713202795361341124e+00,-1.399999999999999911e+00
-2.713217562570728880e+00,-1.399999999999999911e+00
-2.713206128986545007e+00,-1.399999999999999911e+00
-2.713206157157323606e+00,-1.399999999999999911e+00
-2.713217519757210372e+00,-1.399999999999999911e+00
-2.713202880334505185e+00,-1.399999999999999911e+00
-2.713219437325355976e+00,-1.399999999999999911e+00
-2.713223730731562977e+00,-1.399999999999999911e+00
-2.713202832166770051e+00,-1.399999999999999911e+00
-2.713217500713701824e+00,-1.399999999999999911e+00
-2.713217561707756964e+00,-1.399999999999999911e+00
-2.713202553296350406e+00,-1.399999999999999911e+00
-2.713208878036875049e+00,-1.399999999999999911e+00
-2.713218311508059255e+00,-1.399999999999999911e+00
-2.713220849839994120e+00,-1.399999999999999911e+00
-2.713220872757579283e+00,-1.399999999999999911e+00
-2.713202862447887664e+00,-1.399999999999999911e+00
-2.713220897987498770e+00,-1.399999999999999911e+00
-2.713212228920638402e+00,-1.399999999999999911e+00
-2.713217633839659637e+00,-1.399999999999999911e+00
-2.713226889958350263e+00,-1.399999999999999911e+00
-2.713217564782745228e+00,-1.399999999999999911e+00
-2.713220784294927412e+00,-1.399999999999999911e+00
-2.713217521724219594e+00,-1.399999999999999911e+00
-2.713206120178295766e+00,-1.399999999999999911e+00
-2.713212147720560186e+00,-1.399999999999999911e+00
-2.713223630811490317e+00,-1.399999999999999911e+00
-2.713217591146916075e+00,-1.399999999999999911e+00
-2.716204861427024664e+00,-1.399999999999999911e+00
-2.716208123702090305e+00,-1.399999999999999911e+00
-2.716208066925254627e+00,-1.399999999999999911e+00
-2.716193378334360808e+00,-1.399999999999999911e+00
-2.716208160742428657e+00,-1.399999999999999911e+00
-2.716214144716481815e+00,-1.399999999999999911e+00
-2.874069799543752968e+00,-1.399999999999999911e+00
-2.719196024622843488e+00,-1.399999999999999911e+00
-2.719198786532879719e+00,-1.399999999999999911e+00
-2.719195935946836951e+00,-1.399999999999999911e+00
-2.719210628090818815e+00,-1.399999999999999911e+00
-2.715748685743056612e+00,-1.399999999999999911e+00
-2.663697840642094583e+00,-1.399999999999999911e+00
-2.582117233050392979e+00,-1.399999999999999911e+00
-2.644536241279441313e+00,-1.399999999999999911e+00
-2.339994766174455787e+00,-6.999999999999999556e-01
-2.461416245364377975e+00,-6.999999999999999556e-01
-2.362471011761680284e+00,-6.999999999999999556e-01
-2.142456175338809388e+00,-6.999999999999999556e-01
-2.351864908460266523e+00,-6.999999999999999556e-01
-2.354071648770224900e+00,-6.999999999999999556e-01
-2.259787532118411768e+00,-6.999999999999999556e-01
-2.287869052913459988e+00,-6.999999999999999556e-01
-2.217908543827539436e+00,-6.999999999999999556e-01
-2.160495179285576661e+00,-6.999999999999999556e-01
-2.067637214057409967e+00,-6.999999999999999556e-01
-2.140382823914753097e+00,-6.999999999999999556e-01
-2.126211444387213323e+00,-6.999999999999999556e-01
-2.085401020400130534e+00,-6.999999999999999556e-01
-2.102500477456268335e+00,-6.999999999999999556e-01
-2.102962275349469223e+00,-6.999999999999999556e-01
-2.102969487682831318e+00,-6.999999999999999556e-01
-2.102956085393680397e+00,-6.999999999999999556e-01
-2.102963336064897604e+00,-6.999999999999999556e-01
-2.106512533822650468e+00,-6.999999999999999556e-01
-2.163204773351356192e+00,-6.999999999999999556e-01
-2.135707419976040633e+00,-6.999999999999999556e-01
-2.205457295088729897e+00,-6.999999999999999556e-01
-2.144119560158261439e+00,-6.999999999999999556e-01
-2.150383173807068005e+00,-6.999999999999999556e-01
-2.150367560262470779e+00,-6.999999999999999556e-01
-2.150370003931009411e+00,-6.999999999999999556e-01
-2.150383214827221945e+00,-6.999999999999999556e-01
-2.150376095816346034e+00,-6.999999999999999556e-01
-2.150367517446542642e+00,-6.999999999999999556e-01
-2.150383386725037038e+00,-6.999999999999999556e-01
-2.150349336062505667e+00,-6.999999999999999556e-01
-2.081493986707890542e+00,-6.999999999999999556e-01
-2.051765684523117361e+00,-6.999999999999999556e-01
-2.120758505561533891e+00,-6.999999999999999556e-01
-2.116314053154666919e+00,-6.999999999999999556e-01
-2.112985754319918197e+00,-6.999999999999999556e-01
-2.109986746216474529e+00,-6.999999999999999556e-01
-2.105329504279888742e+00,-6.999999999999999556e-01
-2.083291129204603465e+00,-6.999999999999999556e-01
-2.090144468333196226e+00,-6.999999999999999556e-01
-2.027632647572188862e+00,-6.999999999999999556e-01
-1.842876474466480730e+00,-6.999999999999999556e-01
-2.047860986628613933e+00,-6.999999999999999556e-01
-2.042245034420304250e+00,-6.999999999999999556e-01
-2.042266747587053288e+00,-6.999999999999999556e-01
-2.042245027823231585e+00,-6.999999999999999556e-01
-2.042252233359727498e+00,-6.999999999999999556e-01
-2.042245043190479059e+00,-6.999999999999999556e-01
-2.042245117303763902e+00,-6.999999999999999556e-01
-2.042259388127398267e+00,-6.999999999999999556e-01
-2.042245013675958010e+00,-6.999999999999999556e-01
-2.042245375594808454e+00,-6.999999999999999556e-01
-2.043397150851418154e+00,-6.999999999999999556e-01
-2.046741815481692761e+00,-6.999999999999999556e-01
-2.046721483703644928e+00,-6.999999999999999556e-01
-2.096674324513315035e+00,-6.999999999999999556e-01
-2.051193970422450441e+00,-6.999999999999999556e-01
-2.054557457588884084e+00,-6.999999999999999556e-01
-2.059014195192623742e+00,-6.999999999999999556e-01
-2.063219984441971633e+00,-6.999999999999999556e-01
-2.062352051401578290e+00,-6.999999999999999556e-01
-2.062351910241342345e+00,-6.999999999999999556e-01
-2.066555908952059983e+00,-6.999999999999999556e-01
-2.080071452397837639e+00,-6.999999999999999556e-01
-2.085379444433998586e+00,-6.999999999999999556e-01
-2.143755421002107919e+00,-6.999999999999999556e-01
-2.372671433261594576e+00,-6.999999999999999556e-01
-2.230331205304355358e+00,-6.999999999999999556e-01
-2.455752958841754818e+00,-6.999999999999999556e-01
-2.506201078003188254e+00,-1.399999999999999911e+00
-2.657321784557831634e+00,-1.399999999999999911e+00
-2.922250658413680924e+00,-1.399999999999999911e+00
-3.085131744086771377e+00,-1.399999999999999911e+00
-3.351006413877735568e+00,-1.399999999999999911e+00
-3.345523068123311461e+00,-1.399999999999999911e+00
-3.314522043497270865e+00,-1.399999999999999911e+00
-3.304588740464450947e+00,-1.399999999999999911e+00
-3.344539789260541518e+00,-1.399999999999999911e+00
-3.189259246307236229e+00,-1.399999999999999911e+00
-3.189238530547299000e+00,-1.399999999999999911e+00
-3.189226463374343012e+00,-1.399999999999999911e+00
-3.189235353300942766e+00,-1.399999999999999911e+00
-3.189235440683834355e+00,-1.399999999999999911e+00
-3.189226549153591606e+00,-1.399999999999999911e+00
-3.189241505799397025e+00,-1.399999999999999911e+00
-3.189238541926826986e+00,-1.399999999999999911e+00
-3.189238485458173233e+00,-1.399999999999999911e+00
-3.189220317774181801e+00,-1.399999999999999911e+00
-3.189235356129150656e+00,-1.399999999999999911e+00
-3.189238381602273353e+00,-1.399999999999999911e+00
-3.189223629157672768e+00,-1.399999999999999911e+00
-3.189220554852921108e+00,-1.399999999999999911e+00
-3.189235347756550265e+00,-1.399999999999999911e+00
-3.189238547992156558e+00,-1.399999999999999911e+00
-3.189241363790813910e+00,-1.399999999999999911e+00
-3.189220574885606396e+00,-1.399999999999999911e+00
-3.189229554719296811e+00,-1.399999999999999911e+00
-3.189244483971591215e+00,-1.399999999999999911e+00
-3.189235442100395890e+00,-1.399999999999999911e+00
-3.189235326944228621e+00,-1.399999999999999911e+00
-3.189241369528452275e+00,-1.399999999999999911e+00
-3.189238561984091280e+00,-1.399999999999999911e+00
-3.189238476664996380e+00,-1.399999999999999911e+00
-3.189220564569512195e+00,-1.399999999999999911e+00
-3.189235368716308194e+00,-1.399999999999999911e+00
-3.189220592030114432e+00,-1.399999999999999911e+00
-3.189238445595805160e+00,-1.399999999999999911e+00
-3.189244491195161402e+00,-1.399999999999999911e+00
-3.189238422039799126e+00,-1.399999999999999911e+00
-3.189238465680998669e+00,-1.399999999999999911e+00
-3.189238443944695689e+00,-1.399999999999999911e+00
-3.189223937171546286e+00,-1.399999999999999911e+00
-3.189238450468883102e+00,-1.399999999999999911e+00
-3.189223654637105110e+00,-1.399999999999999911e+00
-3.189223676156512699e+00,-1.399999999999999911e+00
-3.189238461443260952e+00,-1.399999999999999911e+00
-3.189238523005608172e+00,-1.399999999999999911e+00
-3.180174032605482815e+00,-1.399999999999999911e+00
-3.032574992597404595e+00,-1.399999999999999911e+00
-3.099229451857724804e+00,-1.399999999999999911e+00
-2.881490951499936948e+00,-1.399999999999999911e+00
-2.877944852473546700e+00,-1.399999999999999911e+00
-2.774508427082150064e+00,-1.399999999999999911e+00
-2.648430288899793705e+00,-1.399999999999999911e+00
-2.482850569692389708e+00,-6.999999999999999556e-01
-2.362636393373202637e+00,-6.999999999999999556e-01
-2.242004071873687110e+00,-6.999999999999999556e-01
-2.376368788572551960e+00,-6.999999999999999556e-01
-2.035728756166533593e+00,-6.999999999999999556e-01
-2.165270818063581348e+00,-6.999999999999999556e-01
-2.116188126335946329e+00,-6.999999999999999556e-01
-2.253689150057399893e+00,-6.999999999999999556e-01
-2.234127247670341543e+00,-6.999999999999999556e-01
-2.219510790226303598e+00,-6.999999999999999556e-01
-2.205653956829213058e+00,-6.999999999999999556e-01
-2.206292253680410820e+00,-6.999999999999999556e-01
-2.202208928182360026e+00,-6.999999999999999556e-01
-2.202208032625342149e+00,-6.999999999999999556e-01
-2.202201984135394142e+00,-6.999999999999999556e-01
-2.202209024796804471e+00,-6.999999999999999556e-01
-2.199250939666314686e+00,-6.999999999999999556e-01
-2.199257042246610006e+00,-6.999999999999999556e-01
-2.199257029636939365e+00,-6.999999999999999556e-01
-2.199256994697915690e+00,-6.999999999999999556e-01
-2.199243685629570955e+00,-6.999999999999999556e-01
-2.199250879683006588e+00,-6.999999999999999556e-01
-2.199242464542810360e+00,-6.999999999999999556e-01
-2.199250809493661141e+00,-6.999999999999999556e-01
-2.199258607482475369e+00,-6.999999999999999556e-01
-2.199250828406784652e+00,-6.999999999999999556e-01
-2.199250844627922419e+00,-6.999999999999999556e-01
-2.199249845155103689e+00,-6.999999999999999556e-01
-2.199256940120049464e+00,-6.999999999999999556e-01
-2.199249886897508333e+00,-6.999999999999999556e-01
-2.202563326787705389e+00,-6.999999999999999556e-01
-2.250504005528007223e+00,-6.999999999999999556e-01
-2.207421752976725937e+00,-6.999999999999999556e-01
-2.210322531984206140e+00,-6.999999999999999556e-01
-2.210307888161178624e+00,-6.999999999999999556e-01
-2.213630414069424290e+00,-6.999999999999999556e-01
-2.213624211047657386e+00,-6.999999999999999556e-01
-2.218045667641998620e+00,-6.999999999999999556e-01
-2.224696265823152608e+00,-6.999999999999999556e-01
-2.229088804572852300e+00,-6.999999999999999556e-01
-2.232392642214295453e+00,-6.999999999999999556e-01
-2.233524971134168702e+00,-6.999999999999999556e-01
-2.233524938930681270e+00,-6.999999999999999556e-01
-2.236829710001387639e+00,-6.999999999999999556e-01
-2.236823719088051110e+00,-6.999999999999999556e-01
-2.236829663731628504e+00,-6.999999999999999556e-01
-2.239808218914869808e+00,-6.999999999999999556e-01
-2.239779422056860536e+00,-6.999999999999999556e-01
-2.243081080158862317e+00,-6.999999999999999556e-01
-2.262281990381723062e+00,-6.999999999999999556e-01
-2.503121970570682198e+00,-1.399999999999999911e+00
-3.290946978114184240e+00,-1.399999999999999911e+00
-3.713214764118980771e+00,-1.399999999999999911e+00
-3.935052395135180792e+00,-1.399999999999999911e+00
-4.208654267185235831e+00,-1.399999999999999911e+00
-4.236761476141079008e+00,-1.399999999999999911e+00
-4.021995233431803207e+00,-1.399999999999999911e+00
-4.106737317943394139e+00,-1.399999999999999911e+00
-4.150468470188924286e+00,-1.399999999999999911e+00
-4.206265867989693596e+00,-1.399999999999999911e+00
-4.254899191727118613e+00,-1.399999999999999911e+00
-4.234695938713760377e+00,-1.399999999999999911e+00
-4.165046806994363138e+00,-1.399999999999999911e+00
-4.154716238787901084e+00,-1.399999999999999911e+00
-4.154736737305374739e+00,-1.399999999999999911e+00
-4.148847393982593168e+00,-1.399999999999999911e+00
-4.146101519535333679e+00,-1.399999999999999911e+00
-4.146116406487130313e+00,-1.399999999999999911e+00
-4.146116470557855926e+00,-1.399999999999999911e+00
-4.146116300709735469e+00,-1.399999999999999911e+00
-4.146116238935477760e+00,-1.399999999999999911e+00
-4.146101583500893639e+00,-1.399999999999999911e+00
-4.146119126726688364e+00,-1.399999999999999911e+00
-4.146101445389966500e+00,-1.399999999999999911e+00
-4.146116450517960850e+00,-1.399999999999999911e+00
-4.146116358019453330e+00,-1.399999999999999911e+00
-4.146116385944792704e+00,-1.399999999999999911e+00
-4.146116394993127230e+00,-1.399999999999999911e+00
-4.146116355050677882e+00,-1.399999999999999911e+00
-4.146116347451609840e+00,-1.399999999999999911e+00
-4.146122140388968980e+00,-1.399999999999999911e+00
-4.146116422478437258e+00,-1.399999999999999911e+00
-4.146101677242072014e+00,-1.399999999999999911e+00
-4.146116339244453997e+00,-1.399999999999999911e+00
-4.146116326940126662e+00,-1.399999999999999911e+00
-4.146116396469770038e+00,-1.399999999999999911e+00
-4.146116305974539173e+00,-1.399999999999999911e+00
-4.146116371911695353e+00,-1.399999999999999911e+00
-4.150167589341397623e+00,-1.399999999999999911e+00
-4.155230543469117244e+00,-1.399999999999999911e+00
-4.217769728143462515e+00,-1.399999999999999911e+00
-4.159242172966814977e+00,-1.399999999999999911e+00
-4.159267839809740686e+00,-1.399999999999999911e+00
-4.163862725425505396e+00,-1.399999999999999911e+00
-4.192660247033577647e+00,-1.399999999999999911e+00
-4.168352618130667153e+00,-1.399999999999999911e+00
-4.176303979943631006e+00,-1.399999999999999911e+00
-4.193723334144356052e+00,-1.399999999999999911e+00
-4.188409863487332352e+00,-1.399999999999999911e+00
-4.192456207553873604e+00,-1.399999999999999911e+00
-4.237862547209226172e+00,-1.399999999999999911e+00
-4.204617774043536649e+00,-1.399999999999999911e+00
-4.210524210720281602e+00,-1.399999999999999911e+00
-4.289034816738872102e+00,-1.399999999999999911e+00
-4.214601075688782394e+00,-1.399999999999999911e+00
-4.222812367475312634e+00,-1.399999999999999911e+00
-4.284784234532616587e+00,-1.399999999999999911e+00
-4.253325025340227050e+00,-1.399999999999999911e+00
-4.261554113488844386e+00,-1.399999999999999911e+00
-4.309297287318243797e+00,-1.399999999999999911e+00
-4.284125891806970010e+00,-1.399999999999999911e+00
-4.289458992256211189e+00,-1.399999999999999911e+00
-4.291217428951740409e+00,-1.399999999999999911e+00
-4.292206963124983510e+00,-1.399999999999999911e+00
-4.292206824353089978e+00,-1.399999999999999911e+00
-4.292186667920464771e+00,-1.399999999999999911e+00
-4.292197396305199142e+00,-1.399999999999999911e+00
-4.292186837583429337e+00,-1.399999999999999911e+00
-4.292183763027964005e+00,-1.399999999999999911e+00
-4.292181172740249018e+00,-1.399999999999999911e+00
-4.292197397479159626e+00,-1.399999999999999911e+00
-4.292186674097707488e+00,-1.399999999999999911e+00
-4.284462718566752315e+00,-1.399999999999999911e+00
-4.272002319633553036e+00,-1.399999999999999911e+00
-4.258644452300391237e+00,-1.399999999999999911e+00
-4.094309175469970086e+00,-1.399999999999999911e+00
-4.133176351125196213e+00,-1.399999999999999911e+00
-4.069270612780424123e+00,-1.399999999999999911e+00
-3.604331967697481431e+00,-1.399999999999999911e+00
-3.651127391611007411e+00,-1.399999999999999911e+00
-3.519261527076810836e+00,-1.399999999999999911e+00
-2.941288567769182460e+00,-1.399999999999999911e+00
-2.844112446689117224e+00,-1.399999999999999911e+00
-2.549088259781968624e+00,-1.399999999999999911e+00
-2.221491952056143138e+00,-6.999999999999999556e-01
-1.953422797146082690e+00,-6.999999999999999556e-01
-1.849007581587391869e+00,-6.999999999999999556e-01
-1.767305247863035556e+00,-6.999999999999999556e-01
-1.422521546979713669e+00,-6.999999999999999556e-01
-1.437530252052237500e+00,-6.999999999999999556e-01
-1.534818905042611314e+00,-6.999999999999999556e-01
-1.748110740212913461e+00,-6.999999999999999556e-01
-1.748338547533465404e+00,-6.999999999999999556e-01
-1.748338911933963624e+00,-6.999999999999999556e-01
-1.748353193342414569e+00,-6.999999999999999556e-01
-1.748353223147448343e+00,-6.999999999999999556e-01
-1.748338695390631692e+00,-6.999999999999999556e-01
-1.775789863507645228e+00,-6.999999999999999556e-01
-1.751781676982808733e+00,-6.999999999999999556e-01
-1.751775579194621235e+00,-6.999999999999999556e-01
-1.751775627889107012e+00,-6.999999999999999556e-01
-1.755203963289827085e+00,-6.999999999999999556e-01
-1.762251422355202379e+00,-6.999999999999999556e-01
-1.765479084854632008e+00,-6.999999999999999556e-01
-1.785243798925567393e+00,-6.999999999999999556e-01
-1.830233084207052663e+00,-6.999999999999999556e-01
-1.877373191491009230e+00,-6.999999999999999556e-01
-1.795826563941916199e+00,-6.999999999999999556e-01
-1.803338925303292983e+00,-6.999999999999999556e-01
-1.810070943685474720e+00,-6.999999999999999556e-01
-1.977251862146442551e+00,-6.999999999999999556e-01
-1.849880179259909996e+00,-6.999999999999999556e-01
-1.860407213928595871e+00,-6.999999999999999556e-01
-1.877157478502713417e+00,-6.999999999999999556e-01
-1.878739444695972205e+00,-6.999999999999999556e-01
-2.124071722647341343e+00,-6.999999999999999556e-01
-1.929445991434111107e+00,-6.999999999999999556e-01
-1.918571811309073949e+00,-6.999999999999999556e-01
-1.924871183851235124e+00,-6.999999999999999556e-01
-1.924864054939015023e+00,-6.999999999999999556e-01
-1.924862775616312360e+00,-6.999999999999999556e-01
-1.924878424442395319e+00,-6.999999999999999556e-01
-1.924878265118920906e+00,-6.999999999999999556e-01
-1.924864085367286481e+00,-6.999999999999999556e-01
-1.924877126476516542e+00,-6.999999999999999556e-01
-1.928022108361105547e+00,-6.999999999999999556e-01
-1.930712989239373067e+00,-6.999999999999999556e-01
-1.934111297969078214e+00,-6.999999999999999556e-01
-1.937012475538218315e+00,-6.999999999999999556e-01
-1.941944848665162926e+00,-6.999999999999999556e-01
-1.944439540403027022e+00,-6.999999999999999556e-01
-1.944445688109957437e+00,-6.999999999999999556e-01
-1.944438325238832421e+00,-6.999999999999999556e-01
-1.948231743045257813e+00,-6.999999999999999556e-01
-1.947805161295605103e+00,-6.999999999999999556e-01
-1.947805095511852658e+00,-6.999999999999999556e-01
-1.947799112139384059e+00,-6.999999999999999556e-01
-1.971639292466369708e+00,-6.999999999999999556e-01
-2.033952483101442610e+00,-6.999999999999999556e-01
-1.973912809411238589e+00,-6.999999999999999556e-01
-1.976339681477074617e+00,-6.999999999999999556e-01
-1.979264994711189551e+00,-6.999999999999999556e-01
-1.979271140722248967e+00,-6.999999999999999556e-01
-1.979271104389332958e+00,-6.999999999999999556e-01
-1.979278258642326982e+00,-6.999999999999999556e-01
-1.979271105893731786e+00,-6.999999999999999556e-01
-1.979265000657489670e+00,-6.999999999999999556e-01
-1.979265002509140503e+00,-6.999999999999999556e-01
-1.979279424055384595e+00,-6.999999999999999556e-01
-1.979271150301837645e+00,-6.999999999999999556e-01
-1.979279358919752818e+00,-6.999999999999999556e-01
-1.979265035567391973e+00,-6.999999999999999556e-01
-1.979264937197014351e+00,-6.999999999999999556e-01
-1.979279432662707672e+00,-6.999999999999999556e-01
-1.979265035695484176e+00,-6.999999999999999556e-01
-1.979279521427739885e+00,-6.999999999999999556e-01
-1.979265054886323760e+00,-6.999999999999999556e-01
-1.979264945982029511e+00,-6.999999999999999556e-01
-1.979264982414575380e+00,-6.999999999999999556e-01
-1.979257676165808499e+00,-6.999999999999999556e-01
-1.979293929735476354e+00,-6.999999999999999556e-01
-1.979257722871345937e+00,-6.999999999999999556e-01
-1.979279447922090984e+00,-6.999999999999999556e-01
-1.979263798761760063e+00,-6.999999999999999556e-01
-1.979272164905925946e+00,-6.999999999999999556e-01
-1.979279435052051062e+00,-6.999999999999999556e-01
-1.982615194147531179e+00,-6.999999999999999556e-01
-1.982629653254800450e+00,-6.999999999999999556e-01
-1.985970968112809487e+00,-6.999999999999999556e-01
-1.985977021014539323e+00,-6.999999999999999556e-01
-1.989345646060310502e+00,-6.999999999999999556e-01
-1.989317855425677628e+00,-6.999999999999999556e-01
-1.989331114267456346e+00,-6.999999999999999556e-01
-1.993817445422769286e+00,-6.999999999999999556e-01
-1.993803105759737404e+00,-6.999999999999999556e-01
-2.000073622445970756e+00,-6.999999999999999556e-01
-2.000079689699264307e+00,-6.999999999999999556e-01
-2.000079720249163362e+00,-6.999999999999999556e-01
-2.000086934130206995e+00,-6.999999999999999556e-01
-2.000094037147512438e+00,-6.999999999999999556e-01
-2.003123296541621912e+00,-6.999999999999999556e-01
-2.003013283929245603e+00,-6.999999999999999556e-01
-2.012709981199601206e+00,-6.999999999999999556e-01
-2.006361775106676681e+00,-6.999999999999999556e-01
-2.006355679128489999e+00,-6.999999999999999556e-01
-2.006361731593702569e+00,-6.999999999999999556e-01
-2.013213532924426286e+00,-6.999999999999999556e-01
-2.010414313238257922e+00,-6.999999999999999556e-01
-2.010414377499872174e+00,-6.999999999999999556e-01
-2.010414369668372725e+00,-6.999999999999999556e-01
-2.013755352878955129e+00,-6.999999999999999556e-01
-2.017821657615510578e+00,-6.999999999999999556e-01
-2.017827767302356357e+00,-6.999999999999999556e-01
-2.017814547936991332e+00,-6.999999999999999556e-01
-2.018946796044011283e+00,-6.999999999999999556e-01
-2.018933169418939855e+00,-6.999999999999999556e-01
-2.018955144214044317e+00,-6.999999999999999556e-01
-2.018940736584571294e+00,-6.999999999999999556e-01
-2.018939653792367839e+00,-6.999999999999999556e-01
-2.018947969670664477e+00,-6.999999999999999556e-01
-2.018940847746287126e+00,-6.999999999999999556e-01
-2.018940759555787334e+00,-6.999999999999999556e-01
-2.018940705048067219e+00,-6.999999999999999556e-01
-2.018939673378731481e+00,-6.999999999999999556e-01
-2.018947965917447629e+00,-6.999999999999999556e-01
-2.018940713600747561e+00,-6.999999999999999556e-01
-2.022356158885969091e+00,-6.999999999999999556e-01
-2.021881352166876145e+00,-6.999999999999999556e-01
-2.021881594820582162e+00,-6.999999999999999556e-01
-2.021867065268004637e+00,-6.999999999999999556e-01
-2.021861082745979310e+00,-6.999999999999999556e-01
-2.021888719477982210e+00,-6.999999999999999556e-01
-2.021882658860317594e+00,-6.999999999999999556e-01
-2.021867132715141846e+00,-6.999999999999999556e-01
-2.021874285354537726e+00,-6.999999999999999556e-01
-2.021881518340679307e+00,-6.999999999999999556e-01
-2.021888689677999285e+00,-6.999999999999999556e-01
-2.021888764939918648e+00,-6.999999999999999556e-01
-2.021888736513751894e+00,-6.999999999999999556e-01
-2.021882584686613971e+00,-6.999999999999999556e-01
-2.024804030930508869e+00,-6.999999999999999556e-01
-2.024811195462994373e+00,-6.999999999999999556e-01
-2.024804203966722671e+00,-6.999999999999999556e-01
-2.024817440432811200e+00,-6.999999999999999556e-01
-2.024811311794503688e+00,-6.999999999999999556e-01
-2.024811304370532028e+00,-6.999999999999999556e-01
-2.024811307747919287e+00,-6.999999999999999556e-01
-2.024817325062187479e+00,-6.999999999999999556e-01
-2.024810167198498601e+00,-6.999999999999999556e-01
-2.024810199090651963e+00,-6.999999999999999556e-01
-2.024810137247016417e+00,-6.999999999999999556e-01
-2.024811229616103159e+00,-6.999999999999999556e-01
-2.024811245399944948e+00,-6.999999999999999556e-01
-2.027755234408786134e+00,-6.999999999999999556e-01
-2.027733541272831896e+00,-6.999999999999999556e-01
-2.027755203129234296e+00,-6.999999999999999556e-01
-2.027740848600384282e+00,-6.999999999999999556e-01
-2.027755215386404242e+00,-6.999999999999999556e-01
-2.027754056780449066e+00,-6.999999999999999556e-01
-2.027740762576029088e+00,-6.999999999999999556e-01
-2.027740790706797469e+00,-6.999999999999999556e-01
-2.027754178693820464e+00,-6.999999999999999556e-01
-2.027746863311882031e+00,-6.999999999999999556e-01
-2.027755187942823945e+00,-6.999999999999999556e-01
-2.027755131924877219e+00,-6.999999999999999556e-01
-2.027740762350612957e+00,-6.999999999999999556e-01
-2.027740772174833506e+00,-6.999999999999999556e-01
-2.027746851969822295e+00,-6.999999999999999556e-01
-2.027747983591592362e+00,-6.999999999999999556e-01
-2.027733491325440340e+00,-6.999999999999999556e-01
-2.027740751695654708e+00,-6.999999999999999556e-01
-2.027755153325975890e+00,-6.999999999999999556e-01
-2.027733598762980982e+00,-6.999999999999999556e-01
-2.027739577348264266e+00,-6.999999999999999556e-01
-2.027748022701763020e+00,-6.999999999999999556e-01
-2.027755258009941386e+00,-6.999999999999999556e-01
-2.027740724146745777e+00,-6.999999999999999556e-01
-2.027755275210983754e+00,-6.999999999999999556e-01
-2.027739654762087174e+00,-6.999999999999999556e-01
-2.027761967403633125e+00,-6.999999999999999556e-01
-2.027755272850944035e+00,-6.999999999999999556e-01
-2.027755164229913643e+00,-6.999999999999999556e-01
-2.027754042529915424e+00,-6.999999999999999556e-01
-2.027747962501353918e+00,-6.999999999999999556e-01
-2.027740748911520008e+00,-6.999999999999999556e-01
-2.027740770133791059e+00,-6.999999999999999556e-01
-2.027740651605403954e+00,-6.999999999999999556e-01
-2.027754094997358258e+00,-6.999999999999999556e-01
-2.027740723974115422e+00,-6.999999999999999556e-01
-2.031084340564141222e+00,-6.999999999999999556e-01
-2.031084386594169011e+00,-6.999999999999999556e-01
-2.031085405795464371e+00,-6.999999999999999556e-01
-2.034441435708024049e+00,-6.999999999999999556e-01
-2.042788787187579835e+00,-6.999999999999999556e-01
-2.075703539649252694e+00,-6.999999999999999556e-01
-2.070021653645184312e+00,-6.999999999999999556e-01
-2.090619500068775061e+00,-6.999999999999999556e-01
-2.091891286981255149e+00,-6.999999999999999556e-01
-2.091662956493484771e+00,-6.999999999999999556e-01
-2.094582815703570855e+00,-6.999999999999999556e-01
-2.094582806372234707e+00,-6.999999999999999556e-01
-2.094604526660583055e+00,-6.999999999999999556e-01
-2.094598252000395622e+00,-6.999999999999999556e-01
-2.094591282535751109e+00,-6.999999999999999556e-01
-2.094598421751757478e+00,-6.999999999999999556e-01
-2.094589997687605454e+00,-6.999999999999999556e-01
-2.094598394323692769e+00,-6.999999999999999556e-01
-2.094598395628509913e+00,-6.999999999999999556e-01
-2.094598443730570025e+00,-6.999999999999999556e-01
-2.094576760793710690e+00,-6.999999999999999556e-01
-2.094597505193620535e+00,-6.999999999999999556e-01
-2.094598438344107194e+00,-6.999999999999999556e-01
-2.095705005350372740e+00,-6.999999999999999556e-01
-2.098648145748205796e+00,-6.999999999999999556e-01
-2.098655306445895263e+00,-6.999999999999999556e-01
-2.098654363279187862e+00,-6.999999999999999556e-01
-2.098655331765367560e+00,-6.999999999999999556e-01
-2.098655348312728819e+00,-6.999999999999999556e-01
-2.098655372494583116e+00,-6.999999999999999556e-01
-2.098654303052803982e+00,-6.999999999999999556e-01
-2.098654391519624962e+00,-6.999999999999999556e-01
-2.098661504698890568e+00,-6.999999999999999556e-01
-2.098661452728348475e+00,-6.999999999999999556e-01
-2.098654291034574459e+00,-6.999999999999999556e-01
-2.098654372854428463e+00,-6.999999999999999556e-01
-2.098648077529266409e+00,-6.999999999999999556e-01
-2.098661479323243206e+00,-6.999999999999999556e-01
-2.099776573316037620e+00,-6.999999999999999556e-01
-2.102718719757972643e+00,-6.999999999999999556e-01
-2.102711629743109434e+00,-6.999999999999999556e-01
-2.130807729054828847e+00,-6.999999999999999556e-01
-2.110118925313980931e+00,-6.999999999999999556e-01
-2.110119381964594254e+00,-6.999999999999999556e-01
-2.110092311011477317e+00,-6.999999999999999556e-01
-2.110106837586803064e+00,-6.999999999999999556e-01
-2.110086249531481606e+00,-6.999999999999999556e-01
-2.110112971366804757e+00,-6.999999999999999556e-01
-2.110092254953479962e+00,-6.999999999999999556e-01
-2.110106862599280042e+00,-6.999999999999999556e-01
-2.281561309513088887e+00,-6.999999999999999556e-01
-2.627890968243109082e+00,-1.399999999999999911e+00
-2.740064151374696610e+00,-1.399999999999999911e+00
-2.835377449961218765e+00,-1.399999999999999911e+00
-3.055219622860718243e+00,-1.399999999999999911e+00
-3.398828295771657793e+00,-1.399999999999999911e+00
-3.693380296273472752e+00,-1.399999999999999911e+00
-3.732955874452706713e+00,-1.399999999999999911e+00
-3.950069228302864666e+00,-1.399999999999999911e+00
-4.026414822446445108e+00,-1.399999999999999911e+00
-4.089791938874872912e+00,-1.399999999999999911e+00
-4.033999943815689271e+00,-1.399999999999999911e+00
-4.024194964388558837e+00,-1.399999999999999911e+00
-4.022612738293717349e+00,-1.399999999999999911e+00
-3.945579450368224883e+00,-1.399999999999999911e+00
-3.951065328166847745e+00,-1.399999999999999911e+00
-3.951065549588087311e+00,-1.399999999999999911e+00
-3.773409945419327727e+00,-1.399999999999999911e+00
-3.728526562376062614e+00,-1.399999999999999911e+00
-3.427993009767134502e+00,-1.399999999999999911e+00
-3.222274628746307990e+00,-1.399999999999999911e+00
-3.062978088005086530e+00,-1.399999999999999911e+00
-2.854833043928972192e+00,-1.399999999999999911e+00
-2.995320508563732886e+00,-1.399999999999999911e+00
-2.829606875634818497e+00,-1.399999999999999911e+00
-2.931205179616819478e+00,-1.399999999999999911e+00
-2.968298576049298809e+00,-1.399999999999999911e+00
-2.989861348710353806e+00,-1.399999999999999911e+00
-2.989846442501608692e+00,-1.399999999999999911e+00
-2.989852374197835339e+00,-1.399999999999999911e+00
-2.989852370446802077e+00,-1.399999999999999911e+00
-2.989863983078115073e+00,-1.399999999999999911e+00
-2.989867218212090005e+00,-1.399999999999999911e+00
-2.992995634207592293e+00,-1.399999999999999911e+00
